﻿<?xml version="1.0" encoding="utf-8" ?>
<c2eventsheet>
    <!--All the 'name' attributes are ignored by Construct 2 - they are there for readability only.-->
    <name>you lose event</name>
    <events>
        <event-block sid="800242576449576">
            <conditions>
                <condition id="0" name="On clicked" sid="935978644317751" type="Button" />
            </conditions>
            <actions>
                <action id="-2" name="Go to layout" sid="963273333737540" type="System">
                    <param id="0" name="Layout">main menu</param>
                </action>
                <action id="-9" name="Set value" sid="248134724596801" type="System">
                    <param id="0" name="Variable">life</param>
                    <param id="1" name="Value">3</param>
                </action>
            </actions>
        </event-block>
    </events>
</c2eventsheet>
