﻿<?xml version="1.0" encoding="utf-8" ?>
<c2eventsheet>
    <!--All the 'name' attributes are ignored by Construct 2 - they are there for readability only.-->
    <name>game eventpart2</name>
    <events>
        <variable constant="0" name="scorenaousar" sid="625549803087761" static="0" type="number">0</variable>
        <variable constant="0" name="lifenaousar" sid="420255487872239" static="0" type="number">5</variable>
        <event-block sid="480856510863338">
            <conditions>
                <condition id="0" name="On key pressed" sid="461210511546470" type="Keyboard">
                    <param id="0" name="Key">68</param>
                </condition>
            </conditions>
            <actions>
                <action behavior="Bullet" id="3" name="Set angle of motion" sid="125088089338780" type="tiro">
                    <param id="0" name="Angle">360</param>
                </action>
            </actions>
        </event-block>
        <event-block sid="894005104234244">
            <conditions>
                <condition id="0" name="On key pressed" sid="896217372623479" type="Keyboard">
                    <param id="0" name="Key">65</param>
                </condition>
            </conditions>
            <actions>
                <action behavior="Bullet" id="3" name="Set angle of motion" sid="254544674670514" type="tiro">
                    <param id="0" name="Angle">180</param>
                </action>
            </actions>
        </event-block>
        <event-block sid="594512524792438">
            <conditions>
                <condition id="0" name="On key pressed" sid="354301744277589" type="Keyboard">
                    <param id="0" name="Key">87</param>
                </condition>
            </conditions>
            <actions>
                <action id="0" name="Spawn another object" sid="734295233043951" type="ovni">
                    <param id="0" name="Object">tiro</param>
                    <param id="1" name="Layer">0</param>
                    <param id="2" name="Image point">0</param>
                </action>
                <action behavior="Bullet" id="3" name="Set angle of motion" sid="164368390072406" type="tiro">
                    <param id="0" name="Angle">270</param>
                </action>
                <action id="0" name="Play" sid="231527482383557" type="Audio">
                    <param id="0" name="Audio file">273754-Taking-Damage-2</param>
                    <param id="2" name="Loop">0</param>
                    <param id="3" name="Volume">-4</param>
                    <param id="1" name="Tag (optional)">&quot;&quot;</param>
                </action>
            </actions>
        </event-block>
        <event-block sid="409116471847932">
            <conditions>
                <condition id="-6" name="Every X seconds" sid="190789365956134" type="System">
                    <param id="0" name="Interval (seconds)">0.05</param>
                </condition>
                <condition behavior="Bullet" id="0" name="Compare speed" sid="410235824200398" type="tiro">
                    <param id="0" name="Comparison">5</param>
                    <param id="1" name="Speed">400</param>
                </condition>
            </conditions>
            <actions>
                <action id="0" name="Spawn another object" sid="332296800521137" type="tiro">
                    <param id="0" name="Object">reflexo</param>
                    <param id="1" name="Layer">0</param>
                    <param id="2" name="Image point">0</param>
                </action>
                <action id="-8" name="Set angle" sid="424633353759504" type="reflexo">
                    <param id="0" name="Angle">230</param>
                </action>
            </actions>
        </event-block>
        <comment>lmao this shit messed up for some fucked up reason i don&apos;t understand</comment>
        <event-block sid="131299039477614">
            <conditions>
                <condition id="-1" name="Every tick" sid="610693589732773" type="System" />
            </conditions>
            <actions>
                <action behavior="Bullet" id="3" name="Set angle of motion" sid="652422288632774" type="Sprite5">
                    <param id="0" name="Angle">-270</param>
                </action>
                <action behavior="Bullet" id="3" name="Set angle of motion" sid="348232780606432" type="Sprite2">
                    <param id="0" name="Angle">-270</param>
                </action>
                <action behavior="Bullet" id="3" name="Set angle of motion" sid="981395389462156" type="Sprite">
                    <param id="0" name="Angle">-270</param>
                </action>
                <action behavior="Bullet" id="3" name="Set angle of motion" sid="968995393887938" type="Sprite3">
                    <param id="0" name="Angle">-270</param>
                </action>
                <action behavior="Bullet" id="3" name="Set angle of motion" sid="983602294285270" type="Sprite4">
                    <param id="0" name="Angle">-270</param>
                </action>
            </actions>
        </event-block>
        <event-block sid="224071548546319">
            <conditions>
                <condition id="0" name="On collision with another object" sid="505492515823691" type="tiro">
                    <param id="0" name="Object">Sprite</param>
                </condition>
            </conditions>
            <actions>
                <action id="-9" name="Destroy" sid="691806225898667" type="tiro" />
                <action id="-9" name="Destroy" sid="513837364155566" type="Sprite" />
                <action id="-10" name="Add to" sid="861337500171048" type="System">
                    <param id="0" name="Variable">score</param>
                    <param id="1" name="Value">250</param>
                </action>
                <action id="0" name="Play" sid="183711850264038" type="Audio">
                    <param id="0" name="Audio file">511982-8_Bit_Small_Impact_01_-GAMEVideo-8_bit-impact-hit-damaged</param>
                    <param id="2" name="Loop">0</param>
                    <param id="3" name="Volume">-5</param>
                    <param id="1" name="Tag (optional)">&quot;&quot;</param>
                </action>
            </actions>
        </event-block>
        <event-block sid="604342015926893">
            <conditions>
                <condition id="0" name="On collision with another object" sid="303752588910780" type="tiro">
                    <param id="0" name="Object">Sprite2</param>
                </condition>
            </conditions>
            <actions>
                <action id="-9" name="Destroy" sid="519394965335606" type="tiro" />
                <action id="-9" name="Destroy" sid="543479710120669" type="Sprite2" />
                <action id="-10" name="Add to" sid="523151478743562" type="System">
                    <param id="0" name="Variable">score</param>
                    <param id="1" name="Value">250</param>
                </action>
                <action id="0" name="Play" sid="406898013877308" type="Audio">
                    <param id="0" name="Audio file">511982-8_Bit_Small_Impact_01_-GAMEVideo-8_bit-impact-hit-damaged</param>
                    <param id="2" name="Loop">0</param>
                    <param id="3" name="Volume">-5</param>
                    <param id="1" name="Tag (optional)">&quot;&quot;</param>
                </action>
            </actions>
        </event-block>
        <event-block sid="854738580875903">
            <conditions>
                <condition id="0" name="On collision with another object" sid="285800939958774" type="tiro">
                    <param id="0" name="Object">Sprite3</param>
                </condition>
            </conditions>
            <actions>
                <action id="-9" name="Destroy" sid="264001531964328" type="tiro" />
                <action id="-9" name="Destroy" sid="296320128747288" type="Sprite3" />
                <action id="-10" name="Add to" sid="410093830459533" type="System">
                    <param id="0" name="Variable">score</param>
                    <param id="1" name="Value">250</param>
                </action>
                <action id="0" name="Play" sid="856767686626452" type="Audio">
                    <param id="0" name="Audio file">511982-8_Bit_Small_Impact_01_-GAMEVideo-8_bit-impact-hit-damaged</param>
                    <param id="2" name="Loop">0</param>
                    <param id="3" name="Volume">-5</param>
                    <param id="1" name="Tag (optional)">&quot;&quot;</param>
                </action>
            </actions>
        </event-block>
        <event-block sid="153665978716169">
            <conditions>
                <condition id="0" name="On collision with another object" sid="161880897298087" type="tiro">
                    <param id="0" name="Object">Sprite4</param>
                </condition>
            </conditions>
            <actions>
                <action id="-9" name="Destroy" sid="409300651449816" type="tiro" />
                <action id="-9" name="Destroy" sid="988559505455875" type="Sprite4" />
                <action id="-10" name="Add to" sid="935201553995765" type="System">
                    <param id="0" name="Variable">score</param>
                    <param id="1" name="Value">250</param>
                </action>
                <action id="0" name="Play" sid="682014466449226" type="Audio">
                    <param id="0" name="Audio file">511982-8_Bit_Small_Impact_01_-GAMEVideo-8_bit-impact-hit-damaged</param>
                    <param id="2" name="Loop">0</param>
                    <param id="3" name="Volume">-5</param>
                    <param id="1" name="Tag (optional)">&quot;&quot;</param>
                </action>
            </actions>
        </event-block>
        <event-block sid="773149666372441">
            <conditions>
                <condition id="0" name="On collision with another object" sid="213524372397390" type="tiro">
                    <param id="0" name="Object">Sprite5</param>
                </condition>
            </conditions>
            <actions>
                <action id="-9" name="Destroy" sid="946647739262139" type="tiro" />
                <action id="-9" name="Destroy" sid="942689383516269" type="Sprite5" />
                <action id="-10" name="Add to" sid="969595909246224" type="System">
                    <param id="0" name="Variable">score</param>
                    <param id="1" name="Value">250</param>
                </action>
                <action id="0" name="Play" sid="972235048325944" type="Audio">
                    <param id="0" name="Audio file">511982-8_Bit_Small_Impact_01_-GAMEVideo-8_bit-impact-hit-damaged</param>
                    <param id="2" name="Loop">0</param>
                    <param id="3" name="Volume">-5</param>
                    <param id="1" name="Tag (optional)">&quot;&quot;</param>
                </action>
            </actions>
        </event-block>
        <event-block sid="396181261512569">
            <conditions>
                <condition id="0" name="On collision with another object" sid="564679044731596" type="ovni">
                    <param id="0" name="Object">Sprite</param>
                </condition>
            </conditions>
            <actions>
                <action id="-9" name="Destroy" sid="107821537576538" type="ovni" />
                <action id="0" name="Play" sid="157845735074417" type="Audio">
                    <param id="0" name="Audio file">511979-8_Bit_Large_Destroyed_02_-GAMEVideo-8_bit-impact-hit-damaged-destroyed</param>
                    <param id="2" name="Loop">0</param>
                    <param id="3" name="Volume">-3</param>
                    <param id="1" name="Tag (optional)">&quot;&quot;</param>
                </action>
                <action id="-16" name="Wait" sid="233436541873788" type="System">
                    <param id="0" name="Seconds">3</param>
                </action>
                <action id="-11" name="Subtract from" sid="458049692713068" type="System">
                    <param id="0" name="Variable">life</param>
                    <param id="1" name="Value">1</param>
                </action>
                <action id="-26" name="Restart layout" sid="644726708545866" type="System" />
            </actions>
        </event-block>
        <event-block sid="861483195382430">
            <conditions>
                <condition id="0" name="On collision with another object" sid="260123905630453" type="ovni">
                    <param id="0" name="Object">Sprite2</param>
                </condition>
            </conditions>
            <actions>
                <action id="-9" name="Destroy" sid="991099287747184" type="ovni" />
                <action id="0" name="Play" sid="454421998481701" type="Audio">
                    <param id="0" name="Audio file">511979-8_Bit_Large_Destroyed_02_-GAMEVideo-8_bit-impact-hit-damaged-destroyed</param>
                    <param id="2" name="Loop">0</param>
                    <param id="3" name="Volume">-3</param>
                    <param id="1" name="Tag (optional)">&quot;&quot;</param>
                </action>
                <action id="-16" name="Wait" sid="562767827451706" type="System">
                    <param id="0" name="Seconds">3</param>
                </action>
                <action id="-11" name="Subtract from" sid="817672914733757" type="System">
                    <param id="0" name="Variable">life</param>
                    <param id="1" name="Value">1</param>
                </action>
                <action id="-26" name="Restart layout" sid="202785635309747" type="System" />
            </actions>
        </event-block>
        <event-block sid="869771177949222">
            <conditions>
                <condition id="0" name="On collision with another object" sid="793292357498281" type="ovni">
                    <param id="0" name="Object">Sprite3</param>
                </condition>
            </conditions>
            <actions>
                <action id="-9" name="Destroy" sid="716583993654097" type="ovni" />
                <action id="0" name="Play" sid="124928498466097" type="Audio">
                    <param id="0" name="Audio file">511979-8_Bit_Large_Destroyed_02_-GAMEVideo-8_bit-impact-hit-damaged-destroyed</param>
                    <param id="2" name="Loop">0</param>
                    <param id="3" name="Volume">-3</param>
                    <param id="1" name="Tag (optional)">&quot;&quot;</param>
                </action>
                <action id="-16" name="Wait" sid="484629978121497" type="System">
                    <param id="0" name="Seconds">3</param>
                </action>
                <action id="-11" name="Subtract from" sid="436611408623811" type="System">
                    <param id="0" name="Variable">life</param>
                    <param id="1" name="Value">1</param>
                </action>
                <action id="-26" name="Restart layout" sid="402396230530246" type="System" />
            </actions>
        </event-block>
        <event-block sid="281878804572889">
            <conditions>
                <condition id="0" name="On collision with another object" sid="733829254204673" type="ovni">
                    <param id="0" name="Object">Sprite4</param>
                </condition>
            </conditions>
            <actions>
                <action id="-9" name="Destroy" sid="408478822712246" type="ovni" />
                <action id="0" name="Play" sid="701972803978327" type="Audio">
                    <param id="0" name="Audio file">511979-8_Bit_Large_Destroyed_02_-GAMEVideo-8_bit-impact-hit-damaged-destroyed</param>
                    <param id="2" name="Loop">0</param>
                    <param id="3" name="Volume">-3</param>
                    <param id="1" name="Tag (optional)">&quot;&quot;</param>
                </action>
                <action id="-16" name="Wait" sid="796160240077331" type="System">
                    <param id="0" name="Seconds">3</param>
                </action>
                <action id="-11" name="Subtract from" sid="622750990412173" type="System">
                    <param id="0" name="Variable">life</param>
                    <param id="1" name="Value">1</param>
                </action>
                <action id="-26" name="Restart layout" sid="460337595288403" type="System" />
            </actions>
        </event-block>
        <event-block sid="608780860894096">
            <conditions>
                <condition id="0" name="On collision with another object" sid="265913557408504" type="ovni">
                    <param id="0" name="Object">Sprite5</param>
                </condition>
            </conditions>
            <actions>
                <action id="-9" name="Destroy" sid="892628472329218" type="ovni" />
                <action id="0" name="Play" sid="711022333949608" type="Audio">
                    <param id="0" name="Audio file">511979-8_Bit_Large_Destroyed_02_-GAMEVideo-8_bit-impact-hit-damaged-destroyed</param>
                    <param id="2" name="Loop">0</param>
                    <param id="3" name="Volume">-3</param>
                    <param id="1" name="Tag (optional)">&quot;&quot;</param>
                </action>
                <action id="-16" name="Wait" sid="222747698465563" type="System">
                    <param id="0" name="Seconds">3</param>
                </action>
                <action id="-11" name="Subtract from" sid="576322722496448" type="System">
                    <param id="0" name="Variable">life</param>
                    <param id="1" name="Value">1</param>
                </action>
                <action id="-26" name="Restart layout" sid="874984849945733" type="System" />
            </actions>
        </event-block>
        <event-block sid="746167871206744">
            <conditions>
                <condition id="-1" name="Every tick" sid="699607496906869" type="System" />
                <condition id="-1" name="Every tick" sid="117424662969626" type="System" />
            </conditions>
            <actions>
                <action id="0" name="Set text" sid="874089086422078" type="life">
                    <param id="0" name="Text">&quot;life: &quot;&amp;life</param>
                </action>
                <action id="0" name="Set text" sid="732027372297550" type="score">
                    <param id="0" name="Text">&quot;score: &quot;&amp;score</param>
                </action>
            </actions>
        </event-block>
        <event-block sid="633577741505478">
            <conditions>
                <condition id="-14" name="Compare variable" sid="793790996893064" type="System">
                    <param id="0" name="Variable">life</param>
                    <param id="1" name="Comparison">0</param>
                    <param id="2" name="Value">0</param>
                </condition>
            </conditions>
            <actions>
                <action id="-2" name="Go to layout" sid="329069670909722" type="System">
                    <param id="0" name="Layout">you lose...</param>
                </action>
            </actions>
        </event-block>
        <event-block sid="715878106353631">
            <conditions>
                <condition id="-2" name="On start of layout" sid="133963582932210" type="System" />
            </conditions>
            <actions />
        </event-block>
        <event-block sid="656776768596291">
            <conditions>
                <condition id="-14" name="Compare variable" sid="990782157544235" type="System">
                    <param id="0" name="Variable">score</param>
                    <param id="1" name="Comparison">0</param>
                    <param id="2" name="Value">25000</param>
                </condition>
            </conditions>
            <actions>
                <action id="-2" name="Go to layout" sid="139456461611756" type="System">
                    <param id="0" name="Layout">game fz2</param>
                </action>
            </actions>
        </event-block>
        <event-block sid="229975326983743">
            <conditions>
                <condition id="0" name="On collision with another object" sid="860108587209147" type="Sprite3">
                    <param id="0" name="Object">killnet</param>
                </condition>
            </conditions>
            <actions>
                <action id="-9" name="Destroy" sid="800899164014885" type="Sprite3" />
            </actions>
        </event-block>
        <event-block sid="714177321558004">
            <conditions>
                <condition id="0" name="On collision with another object" sid="450470676073024" type="Sprite4">
                    <param id="0" name="Object">killnet</param>
                </condition>
            </conditions>
            <actions>
                <action id="-9" name="Destroy" sid="150372752719213" type="Sprite4" />
            </actions>
        </event-block>
        <event-block sid="640778374497758">
            <conditions>
                <condition id="0" name="On collision with another object" sid="568605122395743" type="Sprite5">
                    <param id="0" name="Object">killnet</param>
                </condition>
            </conditions>
            <actions>
                <action id="-9" name="Destroy" sid="819709415381984" type="Sprite5" />
            </actions>
        </event-block>
        <event-block sid="146372087535655">
            <conditions>
                <condition id="0" name="On collision with another object" sid="351041480397017" type="Sprite2">
                    <param id="0" name="Object">killnet</param>
                </condition>
            </conditions>
            <actions>
                <action id="-9" name="Destroy" sid="687230776154242" type="Sprite2" />
            </actions>
        </event-block>
        <event-block sid="691166990242060">
            <conditions>
                <condition id="0" name="On collision with another object" sid="921379147475663" type="Sprite">
                    <param id="0" name="Object">killnet</param>
                </condition>
            </conditions>
            <actions>
                <action id="-9" name="Destroy" sid="731684503674259" type="Sprite" />
            </actions>
        </event-block>
        <event-block sid="598790763625900">
            <conditions>
                <condition id="4" name="Is any playing" sid="911173755254848" type="Audio" />
            </conditions>
            <actions>
                <action id="6" name="Stop" sid="428790452735430" type="Audio">
                    <param id="0" name="Tag">&quot;&quot;</param>
                </action>
                <action id="0" name="Play" sid="205340049946726" type="Audio">
                    <param id="0" name="Audio file">X2Download.com - Cyberpunk2077 OST - V (8-bit Remix) (Main theme) (320 kbps)</param>
                    <param id="2" name="Loop">1</param>
                    <param id="3" name="Volume">-2</param>
                    <param id="1" name="Tag (optional)">&quot;&quot;</param>
                </action>
            </actions>
        </event-block>
        <event-block sid="925570030648727">
            <conditions>
                <condition id="-6" name="Every X seconds" sid="551262474063395" type="System">
                    <param id="0" name="Interval (seconds)">1.2</param>
                </condition>
            </conditions>
            <actions>
                <action id="-3" name="Create object" sid="115832744383934" type="System">
                    <param id="0" name="Object to create">Sprite</param>
                    <param id="1" name="Layer">0</param>
                    <param id="2" name="X">random(842.4)</param>
                    <param id="3" name="Y">random(14.5)</param>
                </action>
                <action id="-16" name="Wait" sid="923355839603513" type="System">
                    <param id="0" name="Seconds">2</param>
                </action>
                <action id="-3" name="Create object" sid="366806053566809" type="System">
                    <param id="0" name="Object to create">Sprite2</param>
                    <param id="1" name="Layer">0</param>
                    <param id="2" name="X">random(842.4)</param>
                    <param id="3" name="Y">random(14.5)</param>
                </action>
                <action id="-16" name="Wait" sid="626625471013683" type="System">
                    <param id="0" name="Seconds">2</param>
                </action>
                <action id="-3" name="Create object" sid="646953824630393" type="System">
                    <param id="0" name="Object to create">Sprite3</param>
                    <param id="1" name="Layer">0</param>
                    <param id="2" name="X">random(842.4)</param>
                    <param id="3" name="Y">random(14.5)</param>
                </action>
                <action id="-16" name="Wait" sid="413356729854186" type="System">
                    <param id="0" name="Seconds">2</param>
                </action>
                <action id="-3" name="Create object" sid="207523759338870" type="System">
                    <param id="0" name="Object to create">Sprite4</param>
                    <param id="1" name="Layer">0</param>
                    <param id="2" name="X">random(842.4)</param>
                    <param id="3" name="Y">random(14.5)</param>
                </action>
                <action id="-16" name="Wait" sid="785386908165412" type="System">
                    <param id="0" name="Seconds">2</param>
                </action>
                <action id="-3" name="Create object" sid="529941103143785" type="System">
                    <param id="0" name="Object to create">Sprite5</param>
                    <param id="1" name="Layer">0</param>
                    <param id="2" name="X">random(842.4)</param>
                    <param id="3" name="Y">random(14.5)</param>
                </action>
                <action id="-16" name="Wait" sid="945340287171599" type="System">
                    <param id="0" name="Seconds">2</param>
                </action>
            </actions>
        </event-block>
        <event-block sid="806614331321958">
            <conditions>
                <condition id="-4" name="Is outside layout" sid="940822910628254" type="tiro" />
            </conditions>
            <actions>
                <action id="-9" name="Destroy" sid="716684134801354" type="tiro" />
                <action id="-11" name="Subtract from" sid="558328814191213" type="System">
                    <param id="0" name="Variable">score</param>
                    <param id="1" name="Value">150</param>
                </action>
            </actions>
        </event-block>
        <event-block sid="195379252789014">
            <conditions>
                <condition id="0" name="On collision with another object" sid="409391458033850" type="tiro">
                    <param id="0" name="Object">barreiraantinoclip</param>
                </condition>
            </conditions>
            <actions>
                <action id="-9" name="Destroy" sid="305404003665563" type="tiro" />
                <action id="-11" name="Subtract from" sid="271146820234073" type="System">
                    <param id="0" name="Variable">score</param>
                    <param id="1" name="Value">150</param>
                </action>
            </actions>
        </event-block>
    </events>
</c2eventsheet>
