﻿<?xml version="1.0" encoding="utf-8" ?>
<c2eventsheet>
    <!--All the 'name' attributes are ignored by Construct 2 - they are there for readability only.-->
    <name>gamefs3bossevent</name>
    <events>
        <variable constant="0" name="scorebossfz" sid="467867527736869" static="0" type="number">0</variable>
        <variable constant="0" name="lifebossfz" sid="716699884702561" static="0" type="number">5</variable>
        <event-block sid="654941900218429">
            <conditions>
                <condition id="-6" name="Every X seconds" sid="296219808893031" type="System">
                    <param id="0" name="Interval (seconds)">0.05</param>
                </condition>
                <condition behavior="Bullet" id="0" name="Compare speed" sid="136404293772565" type="tiro">
                    <param id="0" name="Comparison">5</param>
                    <param id="1" name="Speed">400</param>
                </condition>
            </conditions>
            <actions>
                <action id="0" name="Spawn another object" sid="563132558151541" type="tiro">
                    <param id="0" name="Object">reflexo</param>
                    <param id="1" name="Layer">0</param>
                    <param id="2" name="Image point">0</param>
                </action>
                <action id="-8" name="Set angle" sid="465928799431429" type="reflexo">
                    <param id="0" name="Angle">230</param>
                </action>
            </actions>
        </event-block>
        <event-block sid="975606315908710">
            <conditions>
                <condition id="0" name="On key pressed" sid="270225837435397" type="Keyboard">
                    <param id="0" name="Key">68</param>
                </condition>
            </conditions>
            <actions>
                <action behavior="Bullet" id="3" name="Set angle of motion" sid="776880290878896" type="tiro">
                    <param id="0" name="Angle">360</param>
                </action>
            </actions>
        </event-block>
        <event-block sid="236493982088578">
            <conditions>
                <condition id="0" name="On key pressed" sid="765754934147782" type="Keyboard">
                    <param id="0" name="Key">65</param>
                </condition>
            </conditions>
            <actions>
                <action behavior="Bullet" id="3" name="Set angle of motion" sid="225040338246345" type="tiro">
                    <param id="0" name="Angle">180</param>
                </action>
            </actions>
        </event-block>
        <event-block sid="394724378444682">
            <conditions>
                <condition id="0" name="On key pressed" sid="900573637802075" type="Keyboard">
                    <param id="0" name="Key">87</param>
                </condition>
            </conditions>
            <actions>
                <action id="0" name="Spawn another object" sid="429443346600912" type="ovni">
                    <param id="0" name="Object">tiro</param>
                    <param id="1" name="Layer">0</param>
                    <param id="2" name="Image point">0</param>
                </action>
                <action behavior="Bullet" id="3" name="Set angle of motion" sid="638969137696284" type="tiro">
                    <param id="0" name="Angle">270</param>
                </action>
                <action id="0" name="Play" sid="832137036122371" type="Audio">
                    <param id="0" name="Audio file">273754-Taking-Damage-2</param>
                    <param id="2" name="Loop">0</param>
                    <param id="3" name="Volume">-4</param>
                    <param id="1" name="Tag (optional)">&quot;&quot;</param>
                </action>
            </actions>
        </event-block>
        <comment>lmao this shit messed up for some fucked up reason i don&apos;t understand</comment>
        <event-block sid="868351666881537">
            <conditions>
                <condition id="-6" name="Every X seconds" sid="935877459977893" type="System">
                    <param id="0" name="Interval (seconds)">1.2</param>
                </condition>
            </conditions>
            <actions>
                <action id="-3" name="Create object" sid="328767448282237" type="System">
                    <param id="0" name="Object to create">Sprite</param>
                    <param id="1" name="Layer">0</param>
                    <param id="2" name="X">random(842.4)</param>
                    <param id="3" name="Y">random(14.5)</param>
                </action>
                <action id="-16" name="Wait" sid="493575980512220" type="System">
                    <param id="0" name="Seconds">2</param>
                </action>
                <action id="-3" name="Create object" sid="715796280466121" type="System">
                    <param id="0" name="Object to create">Sprite2</param>
                    <param id="1" name="Layer">0</param>
                    <param id="2" name="X">random(842.4)</param>
                    <param id="3" name="Y">random(14.5)</param>
                </action>
                <action id="-16" name="Wait" sid="772577409629394" type="System">
                    <param id="0" name="Seconds">2</param>
                </action>
                <action id="-3" name="Create object" sid="813939258725039" type="System">
                    <param id="0" name="Object to create">Sprite3</param>
                    <param id="1" name="Layer">0</param>
                    <param id="2" name="X">random(842.4)</param>
                    <param id="3" name="Y">random(14.5)</param>
                </action>
                <action id="-16" name="Wait" sid="584576014661321" type="System">
                    <param id="0" name="Seconds">2</param>
                </action>
                <action id="-3" name="Create object" sid="798978670336848" type="System">
                    <param id="0" name="Object to create">Sprite4</param>
                    <param id="1" name="Layer">0</param>
                    <param id="2" name="X">random(842.4)</param>
                    <param id="3" name="Y">random(14.5)</param>
                </action>
                <action id="-16" name="Wait" sid="380330010258636" type="System">
                    <param id="0" name="Seconds">2</param>
                </action>
                <action id="-3" name="Create object" sid="510114441571868" type="System">
                    <param id="0" name="Object to create">Sprite5</param>
                    <param id="1" name="Layer">0</param>
                    <param id="2" name="X">random(842.4)</param>
                    <param id="3" name="Y">random(14.5)</param>
                </action>
                <action id="-16" name="Wait" sid="588050831594530" type="System">
                    <param id="0" name="Seconds">2</param>
                </action>
            </actions>
        </event-block>
        <event-block sid="731754523654192">
            <conditions>
                <condition id="-1" name="Every tick" sid="614360354808737" type="System" />
            </conditions>
            <actions>
                <action behavior="Bullet" id="3" name="Set angle of motion" sid="172322858070599" type="Sprite5">
                    <param id="0" name="Angle">-270</param>
                </action>
                <action behavior="Bullet" id="3" name="Set angle of motion" sid="809234808873296" type="Sprite2">
                    <param id="0" name="Angle">-270</param>
                </action>
                <action behavior="Bullet" id="3" name="Set angle of motion" sid="945846964908277" type="Sprite">
                    <param id="0" name="Angle">-270</param>
                </action>
                <action behavior="Bullet" id="3" name="Set angle of motion" sid="581609666202262" type="Sprite3">
                    <param id="0" name="Angle">-270</param>
                </action>
                <action behavior="Bullet" id="3" name="Set angle of motion" sid="804998294022725" type="Sprite4">
                    <param id="0" name="Angle">-270</param>
                </action>
            </actions>
        </event-block>
        <event-block sid="155859714525599">
            <conditions>
                <condition id="0" name="On collision with another object" sid="370030346451380" type="tiro">
                    <param id="0" name="Object">Sprite</param>
                </condition>
            </conditions>
            <actions>
                <action id="-9" name="Destroy" sid="918706034872802" type="tiro" />
                <action id="-9" name="Destroy" sid="549248739011868" type="Sprite" />
                <action id="-10" name="Add to" sid="602724195179852" type="System">
                    <param id="0" name="Variable">score</param>
                    <param id="1" name="Value">250</param>
                </action>
                <action id="0" name="Play" sid="153046056403580" type="Audio">
                    <param id="0" name="Audio file">511982-8_Bit_Small_Impact_01_-GAMEVideo-8_bit-impact-hit-damaged</param>
                    <param id="2" name="Loop">0</param>
                    <param id="3" name="Volume">-5</param>
                    <param id="1" name="Tag (optional)">&quot;&quot;</param>
                </action>
            </actions>
        </event-block>
        <event-block sid="673327389766862">
            <conditions>
                <condition id="0" name="On collision with another object" sid="556064827791843" type="tiro">
                    <param id="0" name="Object">Sprite2</param>
                </condition>
            </conditions>
            <actions>
                <action id="-9" name="Destroy" sid="897084038629297" type="tiro" />
                <action id="-9" name="Destroy" sid="586930758463944" type="Sprite2" />
                <action id="-10" name="Add to" sid="138143584572290" type="System">
                    <param id="0" name="Variable">score</param>
                    <param id="1" name="Value">250</param>
                </action>
                <action id="0" name="Play" sid="299887717842603" type="Audio">
                    <param id="0" name="Audio file">511982-8_Bit_Small_Impact_01_-GAMEVideo-8_bit-impact-hit-damaged</param>
                    <param id="2" name="Loop">0</param>
                    <param id="3" name="Volume">-5</param>
                    <param id="1" name="Tag (optional)">&quot;&quot;</param>
                </action>
            </actions>
        </event-block>
        <event-block sid="274824666906148">
            <conditions>
                <condition id="0" name="On collision with another object" sid="320911256209722" type="tiro">
                    <param id="0" name="Object">Sprite3</param>
                </condition>
            </conditions>
            <actions>
                <action id="-9" name="Destroy" sid="227679941394455" type="tiro" />
                <action id="-9" name="Destroy" sid="381905549253356" type="Sprite3" />
                <action id="-10" name="Add to" sid="573867952790094" type="System">
                    <param id="0" name="Variable">score</param>
                    <param id="1" name="Value">250</param>
                </action>
                <action id="0" name="Play" sid="594611887299079" type="Audio">
                    <param id="0" name="Audio file">511982-8_Bit_Small_Impact_01_-GAMEVideo-8_bit-impact-hit-damaged</param>
                    <param id="2" name="Loop">0</param>
                    <param id="3" name="Volume">-5</param>
                    <param id="1" name="Tag (optional)">&quot;&quot;</param>
                </action>
            </actions>
        </event-block>
        <event-block sid="701605095085800">
            <conditions>
                <condition id="0" name="On collision with another object" sid="587200424203326" type="tiro">
                    <param id="0" name="Object">Sprite4</param>
                </condition>
            </conditions>
            <actions>
                <action id="-9" name="Destroy" sid="258352828271675" type="tiro" />
                <action id="-9" name="Destroy" sid="597192701722532" type="Sprite4" />
                <action id="-10" name="Add to" sid="869039363017078" type="System">
                    <param id="0" name="Variable">score</param>
                    <param id="1" name="Value">250</param>
                </action>
                <action id="0" name="Play" sid="942337115435351" type="Audio">
                    <param id="0" name="Audio file">511982-8_Bit_Small_Impact_01_-GAMEVideo-8_bit-impact-hit-damaged</param>
                    <param id="2" name="Loop">0</param>
                    <param id="3" name="Volume">-5</param>
                    <param id="1" name="Tag (optional)">&quot;&quot;</param>
                </action>
            </actions>
        </event-block>
        <event-block sid="746768885748696">
            <conditions>
                <condition id="0" name="On collision with another object" sid="690662456581064" type="tiro">
                    <param id="0" name="Object">Sprite5</param>
                </condition>
            </conditions>
            <actions>
                <action id="-9" name="Destroy" sid="156600427744630" type="tiro" />
                <action id="-9" name="Destroy" sid="139956351100612" type="Sprite5" />
                <action id="-10" name="Add to" sid="479149483948832" type="System">
                    <param id="0" name="Variable">score</param>
                    <param id="1" name="Value">250</param>
                </action>
                <action id="0" name="Play" sid="940190705891343" type="Audio">
                    <param id="0" name="Audio file">511982-8_Bit_Small_Impact_01_-GAMEVideo-8_bit-impact-hit-damaged</param>
                    <param id="2" name="Loop">0</param>
                    <param id="3" name="Volume">-5</param>
                    <param id="1" name="Tag (optional)">&quot;&quot;</param>
                </action>
            </actions>
        </event-block>
        <event-block sid="950136153044682">
            <conditions>
                <condition id="0" name="On collision with another object" sid="523528495366589" type="ovni">
                    <param id="0" name="Object">Sprite</param>
                </condition>
            </conditions>
            <actions>
                <action id="-9" name="Destroy" sid="533606090467051" type="ovni" />
                <action id="0" name="Play" sid="596661866011666" type="Audio">
                    <param id="0" name="Audio file">511979-8_Bit_Large_Destroyed_02_-GAMEVideo-8_bit-impact-hit-damaged-destroyed</param>
                    <param id="2" name="Loop">0</param>
                    <param id="3" name="Volume">-3</param>
                    <param id="1" name="Tag (optional)">&quot;&quot;</param>
                </action>
                <action id="-16" name="Wait" sid="944289101054256" type="System">
                    <param id="0" name="Seconds">3</param>
                </action>
                <action id="-11" name="Subtract from" sid="272849238980212" type="System">
                    <param id="0" name="Variable">life</param>
                    <param id="1" name="Value">1</param>
                </action>
                <action id="-26" name="Restart layout" sid="236365138447977" type="System" />
            </actions>
        </event-block>
        <event-block sid="643242207752736">
            <conditions>
                <condition id="0" name="On collision with another object" sid="886807603839315" type="ovni">
                    <param id="0" name="Object">Sprite2</param>
                </condition>
            </conditions>
            <actions>
                <action id="-9" name="Destroy" sid="713288278418413" type="ovni" />
                <action id="0" name="Play" sid="419989817030523" type="Audio">
                    <param id="0" name="Audio file">511979-8_Bit_Large_Destroyed_02_-GAMEVideo-8_bit-impact-hit-damaged-destroyed</param>
                    <param id="2" name="Loop">0</param>
                    <param id="3" name="Volume">-3</param>
                    <param id="1" name="Tag (optional)">&quot;&quot;</param>
                </action>
                <action id="-16" name="Wait" sid="281968083960612" type="System">
                    <param id="0" name="Seconds">3</param>
                </action>
                <action id="-11" name="Subtract from" sid="561321843427398" type="System">
                    <param id="0" name="Variable">life</param>
                    <param id="1" name="Value">1</param>
                </action>
                <action id="-26" name="Restart layout" sid="973317800812579" type="System" />
            </actions>
        </event-block>
        <event-block sid="923084748544546">
            <conditions>
                <condition id="0" name="On collision with another object" sid="668388072604490" type="ovni">
                    <param id="0" name="Object">Sprite3</param>
                </condition>
            </conditions>
            <actions>
                <action id="-9" name="Destroy" sid="968938104777782" type="ovni" />
                <action id="0" name="Play" sid="448694404558357" type="Audio">
                    <param id="0" name="Audio file">511979-8_Bit_Large_Destroyed_02_-GAMEVideo-8_bit-impact-hit-damaged-destroyed</param>
                    <param id="2" name="Loop">0</param>
                    <param id="3" name="Volume">-3</param>
                    <param id="1" name="Tag (optional)">&quot;&quot;</param>
                </action>
                <action id="-16" name="Wait" sid="495753484634636" type="System">
                    <param id="0" name="Seconds">3</param>
                </action>
                <action id="-11" name="Subtract from" sid="531567721812605" type="System">
                    <param id="0" name="Variable">life</param>
                    <param id="1" name="Value">1</param>
                </action>
                <action id="-26" name="Restart layout" sid="336280080890800" type="System" />
            </actions>
        </event-block>
        <event-block sid="979688492048681">
            <conditions>
                <condition id="0" name="On collision with another object" sid="994189451829860" type="ovni">
                    <param id="0" name="Object">Sprite4</param>
                </condition>
            </conditions>
            <actions>
                <action id="-9" name="Destroy" sid="650482193255139" type="ovni" />
                <action id="0" name="Play" sid="763499575835075" type="Audio">
                    <param id="0" name="Audio file">511979-8_Bit_Large_Destroyed_02_-GAMEVideo-8_bit-impact-hit-damaged-destroyed</param>
                    <param id="2" name="Loop">0</param>
                    <param id="3" name="Volume">-3</param>
                    <param id="1" name="Tag (optional)">&quot;&quot;</param>
                </action>
                <action id="-16" name="Wait" sid="659767166822345" type="System">
                    <param id="0" name="Seconds">3</param>
                </action>
                <action id="-11" name="Subtract from" sid="262092595953091" type="System">
                    <param id="0" name="Variable">life</param>
                    <param id="1" name="Value">1</param>
                </action>
                <action id="-26" name="Restart layout" sid="518655351596021" type="System" />
            </actions>
        </event-block>
        <event-block sid="702559463014587">
            <conditions>
                <condition id="0" name="On collision with another object" sid="399742458532375" type="ovni">
                    <param id="0" name="Object">Sprite5</param>
                </condition>
            </conditions>
            <actions>
                <action id="-9" name="Destroy" sid="782259837194329" type="ovni" />
                <action id="0" name="Play" sid="683116467325680" type="Audio">
                    <param id="0" name="Audio file">511979-8_Bit_Large_Destroyed_02_-GAMEVideo-8_bit-impact-hit-damaged-destroyed</param>
                    <param id="2" name="Loop">0</param>
                    <param id="3" name="Volume">-3</param>
                    <param id="1" name="Tag (optional)">&quot;&quot;</param>
                </action>
                <action id="-16" name="Wait" sid="651362769080720" type="System">
                    <param id="0" name="Seconds">3</param>
                </action>
                <action id="-11" name="Subtract from" sid="109160029545504" type="System">
                    <param id="0" name="Variable">life</param>
                    <param id="1" name="Value">1</param>
                </action>
                <action id="-26" name="Restart layout" sid="943001095268416" type="System" />
            </actions>
        </event-block>
        <event-block sid="189190998432124">
            <conditions>
                <condition id="-1" name="Every tick" sid="677899205900871" type="System" />
                <condition id="-1" name="Every tick" sid="683770905073659" type="System" />
            </conditions>
            <actions>
                <action id="0" name="Set text" sid="221542163477408" type="life">
                    <param id="0" name="Text">&quot;life: &quot;&amp;life</param>
                </action>
                <action id="0" name="Set text" sid="312964860533552" type="score">
                    <param id="0" name="Text">&quot;score: &quot;&amp;score</param>
                </action>
            </actions>
        </event-block>
        <event-block sid="427718931380504">
            <conditions>
                <condition id="-14" name="Compare variable" sid="290436128915579" type="System">
                    <param id="0" name="Variable">life</param>
                    <param id="1" name="Comparison">0</param>
                    <param id="2" name="Value">0</param>
                </condition>
            </conditions>
            <actions>
                <action id="-2" name="Go to layout" sid="392831453136460" type="System">
                    <param id="0" name="Layout">you lose...</param>
                </action>
            </actions>
        </event-block>
        <event-block sid="542604166298415">
            <conditions>
                <condition id="-2" name="On start of layout" sid="759662342661030" type="System" />
            </conditions>
            <actions />
        </event-block>
        <event-block sid="380558158210453">
            <conditions>
                <condition id="-14" name="Compare variable" sid="335114346968203" type="System">
                    <param id="0" name="Variable">score</param>
                    <param id="1" name="Comparison">0</param>
                    <param id="2" name="Value">25000</param>
                </condition>
            </conditions>
            <actions>
                <action id="-2" name="Go to layout" sid="505917492534585" type="System">
                    <param id="0" name="Layout">game fz2</param>
                </action>
            </actions>
        </event-block>
        <event-block sid="186116681016354">
            <conditions>
                <condition id="0" name="On collision with another object" sid="524928732322301" type="Sprite3">
                    <param id="0" name="Object">killnet</param>
                </condition>
            </conditions>
            <actions>
                <action id="-9" name="Destroy" sid="250878955396018" type="Sprite3" />
            </actions>
        </event-block>
        <event-block sid="407044569560133">
            <conditions>
                <condition id="0" name="On collision with another object" sid="217616242907963" type="Sprite4">
                    <param id="0" name="Object">killnet</param>
                </condition>
            </conditions>
            <actions>
                <action id="-9" name="Destroy" sid="257659354253829" type="Sprite4" />
            </actions>
        </event-block>
        <event-block sid="916642020017008">
            <conditions>
                <condition id="0" name="On collision with another object" sid="711011845772659" type="Sprite5">
                    <param id="0" name="Object">killnet</param>
                </condition>
            </conditions>
            <actions>
                <action id="-9" name="Destroy" sid="650872061853831" type="Sprite5" />
            </actions>
        </event-block>
        <event-block sid="237150913891087">
            <conditions>
                <condition id="0" name="On collision with another object" sid="318770291326238" type="Sprite2">
                    <param id="0" name="Object">killnet</param>
                </condition>
            </conditions>
            <actions>
                <action id="-9" name="Destroy" sid="612037976606037" type="Sprite2" />
            </actions>
        </event-block>
        <event-block sid="322693012011200">
            <conditions>
                <condition id="0" name="On collision with another object" sid="741439683403657" type="Sprite">
                    <param id="0" name="Object">killnet</param>
                </condition>
            </conditions>
            <actions>
                <action id="-9" name="Destroy" sid="303110369652825" type="Sprite" />
            </actions>
        </event-block>
        <event-block sid="944374300395092">
            <conditions>
                <condition id="4" name="Is any playing" sid="495977238574305" type="Audio" />
            </conditions>
            <actions>
                <action id="6" name="Stop" sid="330195002263461" type="Audio">
                    <param id="0" name="Tag">&quot;&quot;</param>
                </action>
                <action id="0" name="Play" sid="842286460030435" type="Audio">
                    <param id="0" name="Audio file">X2Download.com - Cyberpunk2077 OST - V (8-bit Remix) (Main theme) (320 kbps)</param>
                    <param id="2" name="Loop">1</param>
                    <param id="3" name="Volume">-2</param>
                    <param id="1" name="Tag (optional)">&quot;&quot;</param>
                </action>
            </actions>
        </event-block>
        <event-block sid="599276797571342">
            <conditions>
                <condition id="-18" name="On created" sid="758485041814501" type="giphy2" />
            </conditions>
            <actions>
                <action behavior="Sine2" id="0" name="Set active" sid="689249058189979" type="giphy2">
                    <param id="0" name="State">1</param>
                </action>
                <action id="-16" name="Wait" sid="588436269204491" type="System">
                    <param id="0" name="Seconds">2.5</param>
                </action>
                <action behavior="Sine2" id="0" name="Set active" sid="744218589637189" type="giphy2">
                    <param id="0" name="State">0</param>
                </action>
                <action id="-16" name="Wait" sid="450721350211088" type="System">
                    <param id="0" name="Seconds">2.5</param>
                </action>
                <action behavior="Sine" id="0" name="Set active" sid="753608521609155" type="giphy2">
                    <param id="0" name="State">1</param>
                </action>
                <action id="-42" name="Signal" sid="345689880846641" type="System">
                    <param id="0" name="Tag">&quot;spawn&quot;</param>
                </action>
            </actions>
        </event-block>
        <event-block sid="761260669328905">
            <conditions>
                <condition id="-2" name="On start of layout" sid="827341614705040" type="System" />
            </conditions>
            <actions>
                <action id="-5" name="Set width" sid="485139088852471" type="TiledBackground">
                    <param id="0" name="Width">Self.max_width</param>
                </action>
            </actions>
        </event-block>
    </events>
</c2eventsheet>
