﻿<?xml version="1.0" encoding="utf-8" ?>
<c2uistate>
    <!--This is a UI state file - its content describes the user interface settings when the project was last open.
It is entirely optional and the project will load without it.  If you are placing the project under source control,
you probably do not want to add any .uistate.xml files to the repository.-->
    <configurations>
        <active>
            <configuration name="HTML5" />
        </active>
        <display name="HTML5" />
    </configurations>
    <open-tabs>
        <layout order="2">game 1fz</layout>
        <layout order="3">game fz2</layout>
        <layout order="1">main menu</layout>
        <layout order="5">you lose...</layout>
        <layout order="8">you win!</layout>
        <layout order="4">gamefs3 boss</layout>
        <event-sheet active="1" order="0">game event</event-sheet>
        <event-sheet order="6">you lose event</event-sheet>
        <event-sheet order="7">main menu event</event-sheet>
        <event-sheet order="9">gamefs3bossevent</event-sheet>
    </open-tabs>
    <properties>
        <property expanded="1" name="About" />
        <property expanded="1" name="Project settings" />
        <property expanded="1" name="Window Size" />
        <property expanded="1" name="Configuration Settings" />
    </properties>
    <families-expanded root="1" />
    <folders-expanded>
        <folder expanded="1" path="object-folder/" />
        <folder expanded="1" path="layout-folder/" />
        <folder expanded="1" path="event-folder/" />
        <folder expanded="1" path="file-folder/" />
        <folder expanded="1" path="sound-folder/" />
        <folder expanded="1" path="music-folder/" />
        <folder expanded="0" path="file-folder/Icons/" />
        <folder expanded="1" path="animation-folder/ovni/" />
        <folder expanded="1" path="animation-folder/tiro/" />
        <folder expanded="1" path="animation-folder/reflexo/" />
        <folder expanded="1" path="animation-folder/Sprite/" />
        <folder expanded="1" path="animation-folder/Sprite2/" />
        <folder expanded="1" path="animation-folder/Sprite3/" />
        <folder expanded="1" path="animation-folder/Sprite4/" />
        <folder expanded="1" path="animation-folder/Sprite5/" />
        <folder expanded="1" path="animation-folder/Sprite6/" />
        <folder expanded="1" path="animation-folder/Sprite7/" />
        <folder expanded="1" path="animation-folder/Sprite8/" />
        <folder expanded="1" path="animation-folder/Sprite9/" />
        <folder expanded="1" path="animation-folder/killnet/" />
        <folder expanded="1" path="animation-folder/3cab434622d9fabfde2f46e9a51380d/" />
        <folder expanded="1" path="animation-folder/aaaaaa/" />
        <folder expanded="1" path="animation-folder/bc6c171eee288a2f1e124c749303b24e/" />
        <folder expanded="1" path="animation-folder/ezgif445b9e0b/" />
        <folder expanded="1" path="animation-folder/giphy2/" />
    </folders-expanded>
</c2uistate>
