﻿<?xml version="1.0" encoding="utf-8" ?>
<c2eventsheet>
    <!--All the 'name' attributes are ignored by Construct 2 - they are there for readability only.-->
    <name>gamefs3bossevent</name>
    <events>
        <event-block sid="654941900218429">
            <conditions>
                <condition id="-6" name="Every X seconds" sid="296219808893031" type="System">
                    <param id="0" name="Interval (seconds)">0.05</param>
                </condition>
                <condition behavior="Bullet" id="0" name="Compare speed" sid="136404293772565" type="tiro">
                    <param id="0" name="Comparison">5</param>
                    <param id="1" name="Speed">400</param>
                </condition>
            </conditions>
            <actions>
                <action id="0" name="Spawn another object" sid="563132558151541" type="tiro">
                    <param id="0" name="Object">reflexo</param>
                    <param id="1" name="Layer">0</param>
                    <param id="2" name="Image point">0</param>
                </action>
                <action id="-8" name="Set angle" sid="465928799431429" type="reflexo">
                    <param id="0" name="Angle">230</param>
                </action>
            </actions>
        </event-block>
        <event-block sid="975606315908710">
            <conditions>
                <condition id="0" name="On key pressed" sid="270225837435397" type="Keyboard">
                    <param id="0" name="Key">68</param>
                </condition>
            </conditions>
            <actions>
                <action behavior="Bullet" id="3" name="Set angle of motion" sid="776880290878896" type="tiro">
                    <param id="0" name="Angle">360</param>
                </action>
            </actions>
        </event-block>
        <event-block sid="236493982088578">
            <conditions>
                <condition id="0" name="On key pressed" sid="765754934147782" type="Keyboard">
                    <param id="0" name="Key">65</param>
                </condition>
            </conditions>
            <actions>
                <action behavior="Bullet" id="3" name="Set angle of motion" sid="225040338246345" type="tiro">
                    <param id="0" name="Angle">180</param>
                </action>
            </actions>
        </event-block>
        <event-block sid="394724378444682">
            <conditions>
                <condition id="0" name="On key pressed" sid="900573637802075" type="Keyboard">
                    <param id="0" name="Key">87</param>
                </condition>
            </conditions>
            <actions>
                <action id="0" name="Spawn another object" sid="429443346600912" type="ovni">
                    <param id="0" name="Object">tiro</param>
                    <param id="1" name="Layer">0</param>
                    <param id="2" name="Image point">0</param>
                </action>
                <action behavior="Bullet" id="3" name="Set angle of motion" sid="638969137696284" type="tiro">
                    <param id="0" name="Angle">270</param>
                </action>
                <action id="0" name="Play" sid="832137036122371" type="Audio">
                    <param id="0" name="Audio file">sfx_wpn_cannon4</param>
                    <param id="2" name="Loop">0</param>
                    <param id="3" name="Volume">-4</param>
                    <param id="1" name="Tag (optional)">&quot;&quot;</param>
                </action>
            </actions>
        </event-block>
        <comment>lmao this shit messed up for some fucked up reason i don&apos;t understand</comment>
        <event-block sid="230714138495649">
            <conditions>
                <condition id="-2" name="On start of layout" sid="341671697316303" type="System" />
            </conditions>
            <actions>
                <action id="-16" name="Wait" sid="602109939228511" type="System">
                    <param id="0" name="Seconds">2.5</param>
                </action>
                <action id="-12" name="Set group active" sid="681939244451487" type="System">
                    <param id="0" name="Group name">&quot;spawn&quot;</param>
                    <param id="1" name="State">2</param>
                </action>
            </actions>
        </event-block>
        <event-group description="wadawdawd" inactive="1" sid="989324913091721" title="spawn">
            <sub-events>
                <event-block sid="868351666881537">
                    <conditions>
                        <condition id="-6" name="Every X seconds" sid="935877459977893" type="System">
                            <param id="0" name="Interval (seconds)">1.2</param>
                        </condition>
                    </conditions>
                    <actions>
                        <action id="-3" name="Create object" sid="328767448282237" type="System">
                            <param id="0" name="Object to create">Sprite</param>
                            <param id="1" name="Layer">0</param>
                            <param id="2" name="X">random(842.4)</param>
                            <param id="3" name="Y">random(14.5)</param>
                        </action>
                        <action id="-16" name="Wait" sid="493575980512220" type="System">
                            <param id="0" name="Seconds">2</param>
                        </action>
                        <action id="-3" name="Create object" sid="715796280466121" type="System">
                            <param id="0" name="Object to create">Sprite2</param>
                            <param id="1" name="Layer">0</param>
                            <param id="2" name="X">random(842.4)</param>
                            <param id="3" name="Y">random(14.5)</param>
                        </action>
                        <action id="-16" name="Wait" sid="772577409629394" type="System">
                            <param id="0" name="Seconds">2</param>
                        </action>
                        <action id="-3" name="Create object" sid="813939258725039" type="System">
                            <param id="0" name="Object to create">Sprite3</param>
                            <param id="1" name="Layer">0</param>
                            <param id="2" name="X">random(842.4)</param>
                            <param id="3" name="Y">random(14.5)</param>
                        </action>
                        <action id="-16" name="Wait" sid="584576014661321" type="System">
                            <param id="0" name="Seconds">2</param>
                        </action>
                        <action id="-3" name="Create object" sid="798978670336848" type="System">
                            <param id="0" name="Object to create">Sprite4</param>
                            <param id="1" name="Layer">0</param>
                            <param id="2" name="X">random(842.4)</param>
                            <param id="3" name="Y">random(14.5)</param>
                        </action>
                        <action id="-16" name="Wait" sid="380330010258636" type="System">
                            <param id="0" name="Seconds">2</param>
                        </action>
                        <action id="-3" name="Create object" sid="510114441571868" type="System">
                            <param id="0" name="Object to create">Sprite5</param>
                            <param id="1" name="Layer">0</param>
                            <param id="2" name="X">random(842.4)</param>
                            <param id="3" name="Y">random(14.5)</param>
                        </action>
                        <action id="-16" name="Wait" sid="588050831594530" type="System">
                            <param id="0" name="Seconds">2</param>
                        </action>
                    </actions>
                </event-block>
            </sub-events>
        </event-group>
        <event-block sid="155859714525599">
            <conditions>
                <condition id="0" name="On collision with another object" sid="370030346451380" type="tiro">
                    <param id="0" name="Object">Sprite</param>
                </condition>
            </conditions>
            <actions>
                <action id="-9" name="Destroy" sid="918706034872802" type="tiro" />
                <action id="-9" name="Destroy" sid="549248739011868" type="Sprite" />
                <action id="-10" name="Add to" sid="602724195179852" type="System">
                    <param id="0" name="Variable">scorecorreto</param>
                    <param id="1" name="Value">250</param>
                </action>
                <action id="0" name="Play" sid="153046056403580" type="Audio">
                    <param id="0" name="Audio file">511982-8_Bit_Small_Impact_01_-GAMEVideo-8_bit-impact-hit-damaged</param>
                    <param id="2" name="Loop">0</param>
                    <param id="3" name="Volume">-5</param>
                    <param id="1" name="Tag (optional)">&quot;&quot;</param>
                </action>
            </actions>
        </event-block>
        <event-block sid="673327389766862">
            <conditions>
                <condition id="0" name="On collision with another object" sid="556064827791843" type="tiro">
                    <param id="0" name="Object">Sprite2</param>
                </condition>
            </conditions>
            <actions>
                <action id="-9" name="Destroy" sid="897084038629297" type="tiro" />
                <action id="-9" name="Destroy" sid="586930758463944" type="Sprite2" />
                <action id="-10" name="Add to" sid="138143584572290" type="System">
                    <param id="0" name="Variable">scorecorreto</param>
                    <param id="1" name="Value">250</param>
                </action>
                <action id="0" name="Play" sid="299887717842603" type="Audio">
                    <param id="0" name="Audio file">511982-8_Bit_Small_Impact_01_-GAMEVideo-8_bit-impact-hit-damaged</param>
                    <param id="2" name="Loop">0</param>
                    <param id="3" name="Volume">-5</param>
                    <param id="1" name="Tag (optional)">&quot;&quot;</param>
                </action>
            </actions>
        </event-block>
        <event-block sid="274824666906148">
            <conditions>
                <condition id="0" name="On collision with another object" sid="320911256209722" type="tiro">
                    <param id="0" name="Object">Sprite3</param>
                </condition>
            </conditions>
            <actions>
                <action id="-9" name="Destroy" sid="227679941394455" type="tiro" />
                <action id="-9" name="Destroy" sid="381905549253356" type="Sprite3" />
                <action id="-10" name="Add to" sid="573867952790094" type="System">
                    <param id="0" name="Variable">scorecorreto</param>
                    <param id="1" name="Value">250</param>
                </action>
                <action id="0" name="Play" sid="594611887299079" type="Audio">
                    <param id="0" name="Audio file">511982-8_Bit_Small_Impact_01_-GAMEVideo-8_bit-impact-hit-damaged</param>
                    <param id="2" name="Loop">0</param>
                    <param id="3" name="Volume">-5</param>
                    <param id="1" name="Tag (optional)">&quot;&quot;</param>
                </action>
            </actions>
        </event-block>
        <event-block sid="701605095085800">
            <conditions>
                <condition id="0" name="On collision with another object" sid="587200424203326" type="tiro">
                    <param id="0" name="Object">Sprite4</param>
                </condition>
            </conditions>
            <actions>
                <action id="-9" name="Destroy" sid="258352828271675" type="tiro" />
                <action id="-9" name="Destroy" sid="597192701722532" type="Sprite4" />
                <action id="-10" name="Add to" sid="869039363017078" type="System">
                    <param id="0" name="Variable">scorecorreto</param>
                    <param id="1" name="Value">250</param>
                </action>
                <action id="0" name="Play" sid="942337115435351" type="Audio">
                    <param id="0" name="Audio file">511982-8_Bit_Small_Impact_01_-GAMEVideo-8_bit-impact-hit-damaged</param>
                    <param id="2" name="Loop">0</param>
                    <param id="3" name="Volume">-5</param>
                    <param id="1" name="Tag (optional)">&quot;&quot;</param>
                </action>
            </actions>
        </event-block>
        <event-block sid="746768885748696">
            <conditions>
                <condition id="0" name="On collision with another object" sid="690662456581064" type="tiro">
                    <param id="0" name="Object">Sprite5</param>
                </condition>
            </conditions>
            <actions>
                <action id="-9" name="Destroy" sid="156600427744630" type="tiro" />
                <action id="-9" name="Destroy" sid="139956351100612" type="Sprite5" />
                <action id="-10" name="Add to" sid="479149483948832" type="System">
                    <param id="0" name="Variable">scorecorreto</param>
                    <param id="1" name="Value">250</param>
                </action>
                <action id="0" name="Play" sid="940190705891343" type="Audio">
                    <param id="0" name="Audio file">511982-8_Bit_Small_Impact_01_-GAMEVideo-8_bit-impact-hit-damaged</param>
                    <param id="2" name="Loop">0</param>
                    <param id="3" name="Volume">-5</param>
                    <param id="1" name="Tag (optional)">&quot;&quot;</param>
                </action>
            </actions>
        </event-block>
        <event-block sid="189190998432124">
            <conditions>
                <condition id="-1" name="Every tick" sid="677899205900871" type="System" />
            </conditions>
            <actions>
                <action id="0" name="Set text" sid="221542163477408" type="life">
                    <param id="0" name="Text">&quot;life: &quot;&amp;lifecorreto</param>
                </action>
                <action id="0" name="Set text" sid="312964860533552" type="score">
                    <param id="0" name="Text">&quot;score: &quot;&amp;scorecorreto</param>
                </action>
            </actions>
        </event-block>
        <event-block sid="427718931380504">
            <conditions>
                <condition id="-14" name="Compare variable" sid="290436128915579" type="System">
                    <param id="0" name="Variable">lifecorreto</param>
                    <param id="1" name="Comparison">2</param>
                    <param id="2" name="Value">0</param>
                </condition>
            </conditions>
            <actions>
                <action id="-2" name="Go to layout" sid="392831453136460" type="System">
                    <param id="0" name="Layout">you lose...</param>
                </action>
                <action id="6" name="Stop" sid="849388661358002" type="Audio">
                    <param id="0" name="Tag">&quot;loww&quot;</param>
                </action>
            </actions>
        </event-block>
        <event-block sid="186116681016354">
            <conditions>
                <condition id="0" name="On collision with another object" sid="524928732322301" type="Sprite3">
                    <param id="0" name="Object">killnet</param>
                </condition>
            </conditions>
            <actions>
                <action id="-9" name="Destroy" sid="250878955396018" type="Sprite3" />
            </actions>
        </event-block>
        <event-block sid="407044569560133">
            <conditions>
                <condition id="0" name="On collision with another object" sid="217616242907963" type="Sprite4">
                    <param id="0" name="Object">killnet</param>
                </condition>
            </conditions>
            <actions>
                <action id="-9" name="Destroy" sid="257659354253829" type="Sprite4" />
            </actions>
        </event-block>
        <event-block sid="916642020017008">
            <conditions>
                <condition id="0" name="On collision with another object" sid="711011845772659" type="Sprite5">
                    <param id="0" name="Object">killnet</param>
                </condition>
            </conditions>
            <actions>
                <action id="-9" name="Destroy" sid="650872061853831" type="Sprite5" />
            </actions>
        </event-block>
        <event-block sid="237150913891087">
            <conditions>
                <condition id="0" name="On collision with another object" sid="318770291326238" type="Sprite2">
                    <param id="0" name="Object">killnet</param>
                </condition>
            </conditions>
            <actions>
                <action id="-9" name="Destroy" sid="612037976606037" type="Sprite2" />
            </actions>
        </event-block>
        <event-block sid="322693012011200">
            <conditions>
                <condition id="0" name="On collision with another object" sid="741439683403657" type="Sprite">
                    <param id="0" name="Object">killnet</param>
                </condition>
            </conditions>
            <actions>
                <action id="-9" name="Destroy" sid="303110369652825" type="Sprite" />
            </actions>
        </event-block>
        <event-block sid="599276797571342">
            <conditions>
                <condition id="-18" name="On created" sid="758485041814501" type="giphy2" />
            </conditions>
            <actions>
                <action behavior="Sine2" id="0" name="Set active" sid="689249058189979" type="giphy2">
                    <param id="0" name="State">1</param>
                </action>
                <action id="0" name="Play" sid="754478469766655" type="Audio">
                    <param id="0" name="Audio file">sfx_sound_mechanicalnoise6</param>
                    <param id="2" name="Loop">0</param>
                    <param id="3" name="Volume">-2</param>
                    <param id="1" name="Tag (optional)">&quot;&quot;</param>
                </action>
                <action id="0" name="Play" sid="710522402832442" type="Audio">
                    <param id="0" name="Audio file">sfx_alarm_loop3</param>
                    <param id="2" name="Loop">1</param>
                    <param id="3" name="Volume">1</param>
                    <param id="1" name="Tag (optional)">&quot;alarm&quot;</param>
                </action>
                <action id="-16" name="Wait" sid="588436269204491" type="System">
                    <param id="0" name="Seconds">2.5</param>
                </action>
                <action behavior="Sine2" id="0" name="Set active" sid="744218589637189" type="giphy2">
                    <param id="0" name="State">0</param>
                </action>
                <action id="-16" name="Wait" sid="450721350211088" type="System">
                    <param id="0" name="Seconds">1</param>
                </action>
                <action behavior="Sine" id="0" name="Set active" sid="753608521609155" type="giphy2">
                    <param id="0" name="State">1</param>
                </action>
                <action id="6" name="Stop" sid="442573610190382" type="Audio">
                    <param id="0" name="Tag">&quot;alarm&quot;</param>
                </action>
                <action id="0" name="Play" sid="535152136182809" type="Audio">
                    <param id="0" name="Audio file">y2meta.com-NeXsard-Get-Up-n´-Fight_-_320-kbps_</param>
                    <param id="2" name="Loop">0</param>
                    <param id="3" name="Volume">3</param>
                    <param id="1" name="Tag (optional)">&quot;boss music&quot;</param>
                </action>
                <action id="-12" name="Set group active" sid="233629643751866" type="System">
                    <param id="0" name="Group name">&quot;bosstiro&quot;</param>
                    <param id="1" name="State">1</param>
                </action>
            </actions>
        </event-block>
        <event-block sid="281068228940170">
            <conditions>
                <condition id="-4" name="Is outside layout" sid="490869320489693" type="tiro" />
            </conditions>
            <actions>
                <action id="-9" name="Destroy" sid="962435614341114" type="tiro" />
                <action id="-11" name="Subtract from" sid="272590448239569" type="System">
                    <param id="0" name="Variable">scorecorreto</param>
                    <param id="1" name="Value">150</param>
                </action>
            </actions>
        </event-block>
        <event-block sid="490270631339571">
            <conditions>
                <condition id="0" name="On collision with another object" sid="292897164780403" type="tiro">
                    <param id="0" name="Object">barreiraantinoclip</param>
                </condition>
            </conditions>
            <actions>
                <action id="-9" name="Destroy" sid="313059607678625" type="tiro" />
                <action id="-11" name="Subtract from" sid="315464274524551" type="System">
                    <param id="0" name="Variable">scorecorreto</param>
                    <param id="1" name="Value">150</param>
                </action>
            </actions>
        </event-block>
        <event-group description="" sid="869330876504709" title="boss">
            <sub-events>
                <event-block sid="505943854540488">
                    <conditions>
                        <condition id="-1" name="Every tick" sid="710511636652080" type="System" />
                    </conditions>
                    <actions>
                        <action id="-5" name="Set width" sid="248852046183774" type="TiledBackground">
                            <param id="0" name="Width">TiledBackground.max_width/giphy2.maxHealth*giphy2.cur_health</param>
                        </action>
                    </actions>
                </event-block>
                <event-block sid="966874981703458">
                    <conditions>
                        <condition id="0" name="On collision with another object" sid="592306835938751" type="giphy2">
                            <param id="0" name="Object">tiro</param>
                        </condition>
                    </conditions>
                    <actions>
                        <action id="-12" name="Subtract from" sid="571188658210084" type="giphy2">
                            <param id="0" name="Instance variable">cur_health</param>
                            <param id="1" name="Value">10</param>
                        </action>
                        <action id="-9" name="Destroy" sid="177950427254747" type="tiro" />
                    </actions>
                </event-block>
                <event-block sid="761260669328905">
                    <conditions>
                        <condition id="-2" name="On start of layout" sid="827341614705040" type="System" />
                    </conditions>
                    <actions>
                        <action id="-5" name="Set width" sid="485139088852471" type="TiledBackground">
                            <param id="0" name="Width">Self.max_width</param>
                        </action>
                    </actions>
                </event-block>
            </sub-events>
        </event-group>
        <event-group description="" inactive="1" sid="657898206747027" title="bosstiro">
            <sub-events>
                <event-block sid="801791483800187">
                    <conditions>
                        <condition id="-6" name="Every X seconds" sid="117762890836401" type="System">
                            <param id="0" name="Interval (seconds)">2</param>
                        </condition>
                    </conditions>
                    <actions>
                        <action id="0" name="Spawn another object" sid="695567595496873" type="giphy2">
                            <param id="0" name="Object">TIROBOSS</param>
                            <param id="1" name="Layer">0</param>
                            <param id="2" name="Image point">1</param>
                        </action>
                        <action behavior="Bullet" id="3" name="Set angle of motion" sid="475935624524709" type="TIROBOSS">
                            <param id="0" name="Angle">-270</param>
                        </action>
                        <action id="0" name="Play" sid="263336598183955" type="Audio">
                            <param id="0" name="Audio file">sfx_exp_odd6</param>
                            <param id="2" name="Loop">0</param>
                            <param id="3" name="Volume">0</param>
                            <param id="1" name="Tag (optional)">&quot;&quot;</param>
                        </action>
                    </actions>
                </event-block>
            </sub-events>
        </event-group>
        <event-block sid="544945577824089">
            <conditions>
                <condition id="-7" name="Compare instance variable" sid="454988767122882" type="giphy2">
                    <param id="0" name="Instance variable">cur_health</param>
                    <param id="1" name="Comparison">0</param>
                    <param id="2" name="Value">0</param>
                </condition>
                <condition id="-4" name="Trigger once while true" sid="253383764632176" type="System" />
            </conditions>
            <actions>
                <action id="0" name="Play" sid="283510851013558" type="Audio">
                    <param id="0" name="Audio file">sfx_exp_long3</param>
                    <param id="2" name="Loop">0</param>
                    <param id="3" name="Volume">0</param>
                    <param id="1" name="Tag (optional)">&quot;&quot;</param>
                </action>
                <action id="-12" name="Set group active" sid="744399581352450" type="System">
                    <param id="0" name="Group name">&quot;spawn&quot;</param>
                    <param id="1" name="State">0</param>
                </action>
                <action id="-12" name="Set group active" sid="447581872323214" type="System">
                    <param id="0" name="Group name">&quot;bosstiro&quot;</param>
                    <param id="1" name="State">0</param>
                </action>
                <action id="-12" name="Set group active" sid="663986997538717" type="System">
                    <param id="0" name="Group name">&quot;death34&quot;</param>
                    <param id="1" name="State">0</param>
                </action>
                <action id="2" name="Stop" sid="358250172372465" type="giphy2" />
                <action behavior="Sine" id="0" name="Set active" sid="246296097576944" type="giphy2">
                    <param id="0" name="State">0</param>
                </action>
                <action id="-9" name="Destroy" sid="766178625545596" type="TiledBackground" />
                <action behavior="Fade" id="1" name="Start fade" sid="562369419819797" type="giphy2" />
                <action id="-16" name="Wait" sid="122600461371828" type="System">
                    <param id="0" name="Seconds">7</param>
                </action>
                <action id="-2" name="Go to layout" sid="309702301033203" type="System">
                    <param id="0" name="Layout">you win!</param>
                </action>
            </actions>
        </event-block>
        <event-group description="" sid="502948881644724" title="death34">
            <sub-events>
                <event-block sid="372573989160874">
                    <conditions>
                        <condition id="0" name="On collision with another object" sid="364012184089592" type="ovni">
                            <param id="0" name="Object">TIROBOSS</param>
                        </condition>
                    </conditions>
                    <actions>
                        <action id="-12" name="Set group active" sid="220002023634545" type="System">
                            <param id="0" name="Group name">&quot;death3&quot;</param>
                            <param id="1" name="State">1</param>
                        </action>
                    </actions>
                </event-block>
                <event-block sid="746937443526534">
                    <conditions>
                        <condition id="-14" name="Compare variable" sid="659971996524093" type="System">
                            <param id="0" name="Variable">scorecorreto</param>
                            <param id="1" name="Comparison">0</param>
                            <param id="2" name="Value">-1500</param>
                        </condition>
                    </conditions>
                    <actions>
                        <action id="-12" name="Set group active" sid="963210586715591" type="System">
                            <param id="0" name="Group name">&quot;death3&quot;</param>
                            <param id="1" name="State">1</param>
                        </action>
                        <action id="-9" name="Set value" sid="942646817214243" type="System">
                            <param id="0" name="Variable">scorecorreto</param>
                            <param id="1" name="Value">0</param>
                        </action>
                    </actions>
                </event-block>
                <event-block sid="328934355513233">
                    <conditions>
                        <condition id="0" name="On collision with another object" sid="815801586192561" type="ovni">
                            <param id="0" name="Object">Sprite</param>
                        </condition>
                    </conditions>
                    <actions>
                        <action id="-12" name="Set group active" sid="423093462139195" type="System">
                            <param id="0" name="Group name">&quot;death3&quot;</param>
                            <param id="1" name="State">1</param>
                        </action>
                    </actions>
                </event-block>
                <event-block sid="725692486770486">
                    <conditions>
                        <condition id="0" name="On collision with another object" sid="136650839389555" type="ovni">
                            <param id="0" name="Object">Sprite2</param>
                        </condition>
                    </conditions>
                    <actions>
                        <action id="-12" name="Set group active" sid="439607549024866" type="System">
                            <param id="0" name="Group name">&quot;death3&quot;</param>
                            <param id="1" name="State">1</param>
                        </action>
                    </actions>
                </event-block>
                <event-block sid="687594606644445">
                    <conditions>
                        <condition id="0" name="On collision with another object" sid="530684197988035" type="ovni">
                            <param id="0" name="Object">Sprite3</param>
                        </condition>
                    </conditions>
                    <actions>
                        <action id="-12" name="Set group active" sid="877611189802400" type="System">
                            <param id="0" name="Group name">&quot;death3&quot;</param>
                            <param id="1" name="State">1</param>
                        </action>
                    </actions>
                </event-block>
                <event-block sid="995929155488109">
                    <conditions>
                        <condition id="0" name="On collision with another object" sid="290302805861848" type="ovni">
                            <param id="0" name="Object">Sprite5</param>
                        </condition>
                    </conditions>
                    <actions>
                        <action id="-12" name="Set group active" sid="533510017591703" type="System">
                            <param id="0" name="Group name">&quot;death3&quot;</param>
                            <param id="1" name="State">1</param>
                        </action>
                    </actions>
                </event-block>
                <event-block sid="430543067983895">
                    <conditions>
                        <condition id="0" name="On collision with another object" sid="926696014836741" type="ovni">
                            <param id="0" name="Object">Sprite4</param>
                        </condition>
                    </conditions>
                    <actions>
                        <action id="-12" name="Set group active" sid="220700879510230" type="System">
                            <param id="0" name="Group name">&quot;death3&quot;</param>
                            <param id="1" name="State">1</param>
                        </action>
                    </actions>
                </event-block>
            </sub-events>
        </event-group>
        <event-group description="" inactive="1" sid="112095236592058" title="death3">
            <sub-events>
                <event-block sid="506938607764444">
                    <conditions>
                        <condition id="-1" name="Every tick" sid="512140919838550" type="System" />
                    </conditions>
                    <actions>
                        <action behavior="Bullet" id="3" name="Set angle of motion" sid="629923307786064" type="Sprite5">
                            <param id="0" name="Angle">270</param>
                        </action>
                        <action behavior="Bullet" id="3" name="Set angle of motion" sid="483936948205285" type="Sprite2">
                            <param id="0" name="Angle">270</param>
                        </action>
                        <action behavior="Bullet" id="3" name="Set angle of motion" sid="856097761163419" type="Sprite">
                            <param id="0" name="Angle">270</param>
                        </action>
                        <action behavior="Bullet" id="3" name="Set angle of motion" sid="336859928138634" type="Sprite3">
                            <param id="0" name="Angle">270</param>
                        </action>
                        <action behavior="Bullet" id="3" name="Set angle of motion" sid="439204985575961" type="Sprite4">
                            <param id="0" name="Angle">270</param>
                        </action>
                    </actions>
                </event-block>
                <event-block sid="158939855252742">
                    <conditions>
                        <condition id="-4" name="Trigger once while true" sid="124573542406753" type="System" />
                    </conditions>
                    <actions>
                        <action id="-9" name="Destroy" sid="480430383580843" type="ovni" />
                        <action id="-12" name="Set group active" sid="133224207095402" type="System">
                            <param id="0" name="Group name">&quot;spawn3&quot;</param>
                            <param id="1" name="State">0</param>
                        </action>
                        <action id="0" name="Play" sid="410858418756878" type="Audio">
                            <param id="0" name="Audio file">sfx_exp_medium7</param>
                            <param id="2" name="Loop">0</param>
                            <param id="3" name="Volume">5</param>
                            <param id="1" name="Tag (optional)">&quot;&quot;</param>
                        </action>
                        <action id="-16" name="Wait" sid="249682179332339" type="System">
                            <param id="0" name="Seconds">3</param>
                        </action>
                        <action id="-11" name="Subtract from" sid="239653551682795" type="System">
                            <param id="0" name="Variable">lifecorreto</param>
                            <param id="1" name="Value">1</param>
                        </action>
                        <action id="-3" name="Create object" sid="406086518458020" type="System">
                            <param id="0" name="Object to create">ovni</param>
                            <param id="1" name="Layer">0</param>
                            <param id="2" name="X">399.4</param>
                            <param id="3" name="Y">396.3</param>
                        </action>
                        <action id="-12" name="Set group active" sid="817813795107446" type="System">
                            <param id="0" name="Group name">&quot;spawn3&quot;</param>
                            <param id="1" name="State">1</param>
                        </action>
                        <action id="-16" name="Wait" sid="225376515245749" type="System">
                            <param id="0" name="Seconds">1</param>
                        </action>
                        <action id="-12" name="Set group active" sid="762768351335488" type="System">
                            <param id="0" name="Group name">&quot;death3&quot;</param>
                            <param id="1" name="State">0</param>
                        </action>
                    </actions>
                </event-block>
            </sub-events>
        </event-group>
        <event-group description="" sid="461463765675645" title="spawn3">
            <sub-events>
                <event-block sid="876511087157926">
                    <conditions>
                        <condition id="-1" name="Every tick" sid="803099412543835" type="System" />
                    </conditions>
                    <actions>
                        <action behavior="Bullet" id="3" name="Set angle of motion" sid="693354272775115" type="Sprite5">
                            <param id="0" name="Angle">-270</param>
                        </action>
                        <action behavior="Bullet" id="3" name="Set angle of motion" sid="781040551965671" type="Sprite2">
                            <param id="0" name="Angle">-270</param>
                        </action>
                        <action behavior="Bullet" id="3" name="Set angle of motion" sid="289269688059218" type="Sprite">
                            <param id="0" name="Angle">-270</param>
                        </action>
                        <action behavior="Bullet" id="3" name="Set angle of motion" sid="980464176927570" type="Sprite3">
                            <param id="0" name="Angle">-270</param>
                        </action>
                        <action behavior="Bullet" id="3" name="Set angle of motion" sid="601662847907194" type="Sprite4">
                            <param id="0" name="Angle">-270</param>
                        </action>
                    </actions>
                </event-block>
            </sub-events>
        </event-group>
        <event-block sid="597670387063467">
            <conditions>
                <condition id="-2" name="On start of layout" sid="387683296540706" type="System" />
            </conditions>
            <actions>
                <action id="11" name="Set collisions enabled" sid="123654796566254" type="ovni">
                    <param id="0" name="Collisions">1</param>
                </action>
                <action id="11" name="Set collisions enabled" sid="305895125450870" type="Sprite3">
                    <param id="0" name="Collisions">1</param>
                </action>
                <action id="11" name="Set collisions enabled" sid="952484235584085" type="Sprite">
                    <param id="0" name="Collisions">1</param>
                </action>
                <action id="11" name="Set collisions enabled" sid="975824962119816" type="Sprite5">
                    <param id="0" name="Collisions">1</param>
                </action>
                <action id="11" name="Set collisions enabled" sid="701422261451490" type="Sprite4">
                    <param id="0" name="Collisions">1</param>
                </action>
                <action id="11" name="Set collisions enabled" sid="787198903780743" type="Sprite2">
                    <param id="0" name="Collisions">1</param>
                </action>
            </actions>
        </event-block>
        <event-block sid="894969169541443">
            <conditions>
                <condition id="-14" name="Compare variable" sid="976127599302157" type="System">
                    <param id="0" name="Variable">scorecorreto</param>
                    <param id="1" name="Comparison">0</param>
                    <param id="2" name="Value">50000</param>
                </condition>
            </conditions>
            <actions>
                <action id="6" name="Stop" sid="175423097504709" type="Audio">
                    <param id="0" name="Tag">&quot;boss music&quot;</param>
                </action>
                <action id="0" name="Play" sid="458690733061666" type="Audio">
                    <param id="0" name="Audio file">y2meta.com-Undertale-Ost_-087-Hopes-and-Dreams-_320-kbps_</param>
                    <param id="2" name="Loop">0</param>
                    <param id="3" name="Volume">5</param>
                    <param id="1" name="Tag (optional)">&quot;eastersong&quot;</param>
                </action>
                <action id="-16" name="Wait" sid="861205835891328" type="System">
                    <param id="0" name="Seconds">180.6</param>
                </action>
                <action id="0" name="Play" sid="974658761739794" type="Audio">
                    <param id="0" name="Audio file">y2meta.com-NeXsard-Get-Up-n´-Fight_-_320-kbps_</param>
                    <param id="2" name="Loop">1</param>
                    <param id="3" name="Volume">3</param>
                    <param id="1" name="Tag (optional)">&quot;boss music&quot;</param>
                </action>
            </actions>
        </event-block>
        <event-block sid="408909110619887">
            <conditions>
                <condition id="-6" name="Every X seconds" sid="466462424033164" type="System">
                    <param id="0" name="Interval (seconds)">0.05</param>
                </condition>
                <condition behavior="Bullet" id="0" name="Compare speed" sid="904132357380217" type="TIROBOSS">
                    <param id="0" name="Comparison">5</param>
                    <param id="1" name="Speed">400</param>
                </condition>
            </conditions>
            <actions>
                <action id="0" name="Spawn another object" sid="492520296047307" type="TIROBOSS">
                    <param id="0" name="Object">reflexoboss</param>
                    <param id="1" name="Layer">0</param>
                    <param id="2" name="Image point">0</param>
                </action>
                <action id="-8" name="Set angle" sid="126896283618414" type="reflexoboss">
                    <param id="0" name="Angle">230</param>
                </action>
            </actions>
        </event-block>
        <event-block sid="777192612230778">
            <conditions>
                <condition id="-14" name="Compare variable" sid="800160951225015" type="System">
                    <param id="0" name="Variable">lifecorreto</param>
                    <param id="1" name="Comparison">0</param>
                    <param id="2" name="Value">0</param>
                </condition>
                <condition id="-4" name="Trigger once while true" sid="473204062517285" type="System" />
            </conditions>
            <actions>
                <action id="0" name="Play" sid="661963543517892" type="Audio">
                    <param id="0" name="Audio file">sfx_lowhealth_alarmloop3</param>
                    <param id="2" name="Loop">1</param>
                    <param id="3" name="Volume">-3</param>
                    <param id="1" name="Tag (optional)">&quot;loww&quot;</param>
                </action>
            </actions>
        </event-block>
        <event-block sid="399469704678722">
            <conditions>
                <condition id="0" name="On clicked" sid="607494512312055" type="Button4" />
            </conditions>
            <actions>
                <action id="-9" name="Set value" sid="848494102792241" type="System">
                    <param id="0" name="Variable">lifecorreto</param>
                    <param id="1" name="Value">0</param>
                </action>
            </actions>
        </event-block>
    </events>
</c2eventsheet>
