﻿<?xml version="1.0" encoding="utf-8" ?>
<c2eventsheet>
    <!--All the 'name' attributes are ignored by Construct 2 - they are there for readability only.-->
    <name>main menu event</name>
    <events>
        <event-block sid="691148405752995">
            <conditions>
                <condition id="0" name="On clicked" sid="393228551735213" type="booton" />
            </conditions>
            <actions>
                <action id="-2" name="Go to layout" sid="676791205557677" type="System">
                    <param id="0" name="Layout">game 1fz</param>
                </action>
                <action id="0" name="Play" sid="164935046163559" type="Audio">
                    <param id="0" name="Audio file">541409-zapsplat-foley-plastic-button-small-press-click-002-61171</param>
                    <param id="2" name="Loop">0</param>
                    <param id="3" name="Volume">5</param>
                    <param id="1" name="Tag (optional)">&quot;&quot;</param>
                </action>
            </actions>
        </event-block>
    </events>
</c2eventsheet>
