﻿<?xml version="1.0" encoding="utf-8" ?>
<c2eventsheet>
    <!--All the 'name' attributes are ignored by Construct 2 - they are there for readability only.-->
    <name>you win event</name>
    <events>
        <event-block sid="313810975477809">
            <conditions>
                <condition id="0" name="On clicked" sid="443953067223548" type="winbootom" />
            </conditions>
            <actions>
                <action id="-2" name="Go to layout" sid="269861056326334" type="System">
                    <param id="0" name="Layout">main menu</param>
                </action>
            </actions>
        </event-block>
        <event-block sid="234883742603153">
            <conditions>
                <condition id="-2" name="On start of layout" sid="535067626816155" type="System" />
            </conditions>
            <actions>
                <action id="6" name="Stop" sid="938774731608137" type="Audio">
                    <param id="0" name="Tag">&quot;boss music&quot;</param>
                </action>
                <action id="0" name="Play" sid="219218939236829" type="Audio">
                    <param id="0" name="Audio file">y2meta.com-Victory-_8-bit_-VRC6_-Persona-5-_320-kbps_</param>
                    <param id="2" name="Loop">1</param>
                    <param id="3" name="Volume">10</param>
                    <param id="1" name="Tag (optional)">&quot;victory&quot;</param>
                </action>
            </actions>
        </event-block>
        <event-block sid="471911852036587">
            <conditions>
                <condition id="-1" name="Every tick" sid="361953402376845" type="System" />
            </conditions>
            <actions>
                <action id="0" name="Set text" sid="164334907817728" type="FINALSCORE">
                    <param id="0" name="Text">&quot;Seu score foi: &quot;&amp;scorecorreto</param>
                </action>
                <action id="0" name="Set text" sid="546795193538519" type="lifefinal">
                    <param id="0" name="Text">&quot;Suas vidas no final foram: &quot;&amp;lifecorreto</param>
                </action>
            </actions>
        </event-block>
    </events>
</c2eventsheet>
