﻿<?xml version="1.0" encoding="utf-8" ?>
<c2eventsheet>
    <!--All the 'name' attributes are ignored by Construct 2 - they are there for readability only.-->
    <name>you lose event</name>
    <events>
        <event-block sid="800242576449576">
            <conditions>
                <condition id="0" name="On clicked" sid="935978644317751" type="Button" />
            </conditions>
            <actions>
                <action id="-2" name="Go to layout" sid="963273333737540" type="System">
                    <param id="0" name="Layout">main menu</param>
                </action>
                <action id="-9" name="Set value" sid="248134724596801" type="System">
                    <param id="0" name="Variable">lifecorreto</param>
                    <param id="1" name="Value">3</param>
                </action>
                <action id="-9" name="Set value" sid="590689067868709" type="System">
                    <param id="0" name="Variable">scorecorreto</param>
                    <param id="1" name="Value">0</param>
                </action>
            </actions>
        </event-block>
        <event-block sid="502072826393121">
            <conditions>
                <condition id="-2" name="On start of layout" sid="284388491412942" type="System" />
            </conditions>
            <actions>
                <action id="6" name="Stop" sid="780660612987655" type="Audio">
                    <param id="0" name="Tag">&quot;GAMEMSC&quot;</param>
                </action>
                <action id="6" name="Stop" sid="558198095577322" type="Audio">
                    <param id="0" name="Tag">&quot;boss music&quot;</param>
                </action>
                <action id="6" name="Stop" sid="753507211355397" type="Audio">
                    <param id="0" name="Tag">&quot;GAMEMSC2&quot;</param>
                </action>
                <action id="0" name="Play" sid="390299640811566" type="Audio">
                    <param id="0" name="Audio file">y2meta.com-Ewof-Sad-8-bits-_320-kbps_</param>
                    <param id="2" name="Loop">0</param>
                    <param id="3" name="Volume">-2</param>
                    <param id="1" name="Tag (optional)">&quot;sad1&quot;</param>
                </action>
                <action id="0" name="Play" sid="505660993060104" type="Audio">
                    <param id="0" name="Audio file">y2meta.com-Rain-Sound-Effect-Short-_2-minutes_-♪-_320-kbps_</param>
                    <param id="2" name="Loop">1</param>
                    <param id="3" name="Volume">10</param>
                    <param id="1" name="Tag (optional)">&quot;sad2&quot;</param>
                </action>
            </actions>
        </event-block>
    </events>
</c2eventsheet>
