﻿<?xml version="1.0" encoding="utf-8" ?>
<c2eventsheet>
    <!--All the 'name' attributes are ignored by Construct 2 - they are there for readability only.-->
    <name>main menu event</name>
    <events>
        <event-block sid="691148405752995">
            <conditions>
                <condition id="0" name="On clicked" sid="393228551735213" type="booton" />
            </conditions>
            <actions>
                <action id="-2" name="Go to layout" sid="676791205557677" type="System">
                    <param id="0" name="Layout">game 1fz</param>
                </action>
                <action id="0" name="Play" sid="164935046163559" type="Audio">
                    <param id="0" name="Audio file">541409-zapsplat-foley-plastic-button-small-press-click-002-61171</param>
                    <param id="2" name="Loop">0</param>
                    <param id="3" name="Volume">15</param>
                    <param id="1" name="Tag (optional)">&quot;&quot;</param>
                </action>
            </actions>
        </event-block>
        <event-block sid="273339716546857">
            <conditions>
                <condition id="-2" name="On start of layout" sid="191480874144194" type="System" />
            </conditions>
            <actions>
                <action id="6" name="Stop" sid="559865718187365" type="Audio">
                    <param id="0" name="Tag">&quot;sad1&quot; </param>
                </action>
                <action id="6" name="Stop" sid="833557642346594" type="Audio">
                    <param id="0" name="Tag">&quot;sad2&quot; </param>
                </action>
                <action id="6" name="Stop" sid="361983345097051" type="Audio">
                    <param id="0" name="Tag">&quot;victory&quot;</param>
                </action>
                <action id="0" name="Play" sid="454279865504006" type="Audio">
                    <param id="0" name="Audio file">X2Download.com - Cyberpunk2077 OST - V (8-bit Remix) (Main theme) (320 kbps)</param>
                    <param id="2" name="Loop">0</param>
                    <param id="3" name="Volume">-9</param>
                    <param id="1" name="Tag (optional)">&quot;mainmenu&quot;</param>
                </action>
                <action id="0" name="Play" sid="934795833693617" type="Audio">
                    <param id="0" name="Audio file">y2meta.com-Rain-Sound-Effect-Short-_2-minutes_-♪-_320-kbps_</param>
                    <param id="2" name="Loop">1</param>
                    <param id="3" name="Volume">19</param>
                    <param id="1" name="Tag (optional)">&quot;sad2&quot;</param>
                </action>
            </actions>
        </event-block>
    </events>
</c2eventsheet>
