﻿<?xml version="1.0" encoding="utf-8" ?>
<c2eventsheet>
    <!--All the 'name' attributes are ignored by Construct 2 - they are there for readability only.-->
    <name>game event</name>
    <events>
        <variable constant="0" name="score" sid="777197220056399" static="0" type="number">0</variable>
        <variable constant="0" name="life" sid="403426136706350" static="0" type="number">5</variable>
        <event-block sid="551597267927701">
            <conditions>
                <condition id="0" name="On click" sid="707402348548417" type="Mouse">
                    <param id="0" name="Mouse button">0</param>
                    <param id="1" name="Click type">0</param>
                </condition>
            </conditions>
            <actions>
                <action behavior="Bullet" id="3" name="Set angle of motion" sid="463610120294857" type="tiro">
                    <param id="0" name="Angle">270</param>
                </action>
            </actions>
        </event-block>
        <event-block sid="196354914658559">
            <conditions>
                <condition id="0" name="On click" sid="730066786055929" type="Mouse">
                    <param id="0" name="Mouse button">2</param>
                    <param id="1" name="Click type">0</param>
                </condition>
            </conditions>
            <actions>
                <action behavior="Bullet" id="3" name="Set angle of motion" sid="444250916634509" type="tiro">
                    <param id="0" name="Angle">360</param>
                </action>
            </actions>
        </event-block>
        <event-block sid="845035559214115">
            <conditions>
                <condition id="0" name="On click" sid="344563066098898" type="Mouse">
                    <param id="0" name="Mouse button">0</param>
                    <param id="1" name="Click type">0</param>
                </condition>
            </conditions>
            <actions>
                <action id="0" name="Spawn another object" sid="979311497658999" type="ovni">
                    <param id="0" name="Object">tiro</param>
                    <param id="1" name="Layer">0</param>
                    <param id="2" name="Image point">0</param>
                </action>
                <action behavior="Bullet" id="3" name="Set angle of motion" sid="963235826706480" type="tiro">
                    <param id="0" name="Angle">270</param>
                </action>
                <action id="0" name="Play" sid="671829899759337" type="Audio">
                    <param id="0" name="Audio file">273754-Taking-Damage-2</param>
                    <param id="2" name="Loop">0</param>
                    <param id="3" name="Volume">-4</param>
                    <param id="1" name="Tag (optional)">&quot;&quot;</param>
                </action>
            </actions>
        </event-block>
        <event-block sid="419739225179743">
            <conditions>
                <condition id="-6" name="Every X seconds" sid="557509201186682" type="System">
                    <param id="0" name="Interval (seconds)">0.05</param>
                </condition>
                <condition behavior="Bullet" id="0" name="Compare speed" sid="417005983479961" type="tiro">
                    <param id="0" name="Comparison">5</param>
                    <param id="1" name="Speed">400</param>
                </condition>
            </conditions>
            <actions>
                <action id="0" name="Spawn another object" sid="433387789742592" type="tiro">
                    <param id="0" name="Object">reflexo</param>
                    <param id="1" name="Layer">0</param>
                    <param id="2" name="Image point">0</param>
                </action>
                <action id="-8" name="Set angle" sid="758124579836438" type="reflexo">
                    <param id="0" name="Angle">230</param>
                </action>
            </actions>
        </event-block>
        <comment>lmao this shit messed up for some fucked up reason i don&apos;t understand</comment>
        <event-block sid="683281677234352">
            <conditions>
                <condition id="-6" name="Every X seconds" sid="535129491345750" type="System">
                    <param id="0" name="Interval (seconds)">1.2</param>
                </condition>
            </conditions>
            <actions>
                <action id="-3" name="Create object" sid="890106459056401" type="System">
                    <param id="0" name="Object to create">Sprite</param>
                    <param id="1" name="Layer">0</param>
                    <param id="2" name="X">random(842.4)</param>
                    <param id="3" name="Y">random(14.5)</param>
                </action>
                <action id="-16" name="Wait" sid="935761569822296" type="System">
                    <param id="0" name="Seconds">2</param>
                </action>
                <action id="-3" name="Create object" sid="970472822144765" type="System">
                    <param id="0" name="Object to create">Sprite2</param>
                    <param id="1" name="Layer">0</param>
                    <param id="2" name="X">random(842.4)</param>
                    <param id="3" name="Y">random(14.5)</param>
                </action>
                <action id="-16" name="Wait" sid="639166647595505" type="System">
                    <param id="0" name="Seconds">2</param>
                </action>
                <action id="-3" name="Create object" sid="176840012881619" type="System">
                    <param id="0" name="Object to create">Sprite3</param>
                    <param id="1" name="Layer">0</param>
                    <param id="2" name="X">random(842.4)</param>
                    <param id="3" name="Y">random(14.5)</param>
                </action>
                <action id="-16" name="Wait" sid="816258814925054" type="System">
                    <param id="0" name="Seconds">2</param>
                </action>
                <action id="-3" name="Create object" sid="150272600514710" type="System">
                    <param id="0" name="Object to create">Sprite4</param>
                    <param id="1" name="Layer">0</param>
                    <param id="2" name="X">random(842.4)</param>
                    <param id="3" name="Y">random(14.5)</param>
                </action>
                <action id="-16" name="Wait" sid="206500788473024" type="System">
                    <param id="0" name="Seconds">2</param>
                </action>
                <action id="-3" name="Create object" sid="773038517581975" type="System">
                    <param id="0" name="Object to create">Sprite5</param>
                    <param id="1" name="Layer">0</param>
                    <param id="2" name="X">random(842.4)</param>
                    <param id="3" name="Y">random(14.5)</param>
                </action>
                <action id="-16" name="Wait" sid="448159938178661" type="System">
                    <param id="0" name="Seconds">2</param>
                </action>
            </actions>
        </event-block>
        <event-block sid="468981920926018">
            <conditions>
                <condition id="-1" name="Every tick" sid="247995717780919" type="System" />
            </conditions>
            <actions>
                <action behavior="Bullet" id="3" name="Set angle of motion" sid="213571626695069" type="Sprite5">
                    <param id="0" name="Angle">-270</param>
                </action>
                <action behavior="Bullet" id="3" name="Set angle of motion" sid="375944929359859" type="Sprite2">
                    <param id="0" name="Angle">-270</param>
                </action>
                <action behavior="Bullet" id="3" name="Set angle of motion" sid="199158924217931" type="Sprite">
                    <param id="0" name="Angle">-270</param>
                </action>
                <action behavior="Bullet" id="3" name="Set angle of motion" sid="896848905011388" type="Sprite3">
                    <param id="0" name="Angle">-270</param>
                </action>
                <action behavior="Bullet" id="3" name="Set angle of motion" sid="787596134314618" type="Sprite4">
                    <param id="0" name="Angle">-270</param>
                </action>
            </actions>
        </event-block>
        <event-block sid="669058662221044">
            <conditions>
                <condition id="0" name="On collision with another object" sid="672996944020149" type="tiro">
                    <param id="0" name="Object">Sprite</param>
                </condition>
            </conditions>
            <actions>
                <action id="-9" name="Destroy" sid="209064498460696" type="tiro" />
                <action id="-9" name="Destroy" sid="284370323356557" type="Sprite" />
                <action id="-10" name="Add to" sid="489718201349194" type="System">
                    <param id="0" name="Variable">score</param>
                    <param id="1" name="Value">250</param>
                </action>
                <action id="0" name="Play" sid="733214354582615" type="Audio">
                    <param id="0" name="Audio file">511982-8_Bit_Small_Impact_01_-GAMEVideo-8_bit-impact-hit-damaged</param>
                    <param id="2" name="Loop">0</param>
                    <param id="3" name="Volume">-5</param>
                    <param id="1" name="Tag (optional)">&quot;&quot;</param>
                </action>
            </actions>
        </event-block>
        <event-block sid="733711143655827">
            <conditions>
                <condition id="0" name="On collision with another object" sid="868522098572556" type="tiro">
                    <param id="0" name="Object">Sprite2</param>
                </condition>
            </conditions>
            <actions>
                <action id="-9" name="Destroy" sid="597988700781478" type="tiro" />
                <action id="-9" name="Destroy" sid="209170496490517" type="Sprite2" />
                <action id="-10" name="Add to" sid="907227427559207" type="System">
                    <param id="0" name="Variable">score</param>
                    <param id="1" name="Value">250</param>
                </action>
                <action id="0" name="Play" sid="654131434135452" type="Audio">
                    <param id="0" name="Audio file">511982-8_Bit_Small_Impact_01_-GAMEVideo-8_bit-impact-hit-damaged</param>
                    <param id="2" name="Loop">0</param>
                    <param id="3" name="Volume">-5</param>
                    <param id="1" name="Tag (optional)">&quot;&quot;</param>
                </action>
            </actions>
        </event-block>
        <event-block sid="823831512256980">
            <conditions>
                <condition id="0" name="On collision with another object" sid="149176360954755" type="tiro">
                    <param id="0" name="Object">Sprite3</param>
                </condition>
            </conditions>
            <actions>
                <action id="-9" name="Destroy" sid="666126024084838" type="tiro" />
                <action id="-9" name="Destroy" sid="282006059417251" type="Sprite3" />
                <action id="-10" name="Add to" sid="619521094064649" type="System">
                    <param id="0" name="Variable">score</param>
                    <param id="1" name="Value">250</param>
                </action>
                <action id="0" name="Play" sid="681758279327908" type="Audio">
                    <param id="0" name="Audio file">511982-8_Bit_Small_Impact_01_-GAMEVideo-8_bit-impact-hit-damaged</param>
                    <param id="2" name="Loop">0</param>
                    <param id="3" name="Volume">-5</param>
                    <param id="1" name="Tag (optional)">&quot;&quot;</param>
                </action>
            </actions>
        </event-block>
        <event-block sid="145856348021802">
            <conditions>
                <condition id="0" name="On collision with another object" sid="565923405016526" type="tiro">
                    <param id="0" name="Object">Sprite4</param>
                </condition>
            </conditions>
            <actions>
                <action id="-9" name="Destroy" sid="980615423991377" type="tiro" />
                <action id="-9" name="Destroy" sid="958568926341318" type="Sprite4" />
                <action id="-10" name="Add to" sid="602573530177645" type="System">
                    <param id="0" name="Variable">score</param>
                    <param id="1" name="Value">250</param>
                </action>
                <action id="0" name="Play" sid="643355567012173" type="Audio">
                    <param id="0" name="Audio file">511982-8_Bit_Small_Impact_01_-GAMEVideo-8_bit-impact-hit-damaged</param>
                    <param id="2" name="Loop">0</param>
                    <param id="3" name="Volume">-5</param>
                    <param id="1" name="Tag (optional)">&quot;&quot;</param>
                </action>
            </actions>
        </event-block>
        <event-block sid="962157265203323">
            <conditions>
                <condition id="0" name="On collision with another object" sid="242604513728459" type="tiro">
                    <param id="0" name="Object">Sprite5</param>
                </condition>
            </conditions>
            <actions>
                <action id="-9" name="Destroy" sid="389463401623628" type="tiro" />
                <action id="-9" name="Destroy" sid="146956554504058" type="Sprite5" />
                <action id="-10" name="Add to" sid="237512747552447" type="System">
                    <param id="0" name="Variable">score</param>
                    <param id="1" name="Value">250</param>
                </action>
                <action id="0" name="Play" sid="462299109683039" type="Audio">
                    <param id="0" name="Audio file">511982-8_Bit_Small_Impact_01_-GAMEVideo-8_bit-impact-hit-damaged</param>
                    <param id="2" name="Loop">0</param>
                    <param id="3" name="Volume">-5</param>
                    <param id="1" name="Tag (optional)">&quot;&quot;</param>
                </action>
            </actions>
        </event-block>
        <event-block sid="807202134738261">
            <conditions>
                <condition id="0" name="On collision with another object" sid="465926308851827" type="ovni">
                    <param id="0" name="Object">Sprite</param>
                </condition>
            </conditions>
            <actions>
                <action id="-9" name="Destroy" sid="728519395860250" type="ovni" />
                <action id="0" name="Play" sid="123098624892145" type="Audio">
                    <param id="0" name="Audio file">511979-8_Bit_Large_Destroyed_02_-GAMEVideo-8_bit-impact-hit-damaged-destroyed</param>
                    <param id="2" name="Loop">0</param>
                    <param id="3" name="Volume">-3</param>
                    <param id="1" name="Tag (optional)">&quot;&quot;</param>
                </action>
                <action id="-16" name="Wait" sid="810407828706634" type="System">
                    <param id="0" name="Seconds">3</param>
                </action>
                <action id="-11" name="Subtract from" sid="800696744259109" type="System">
                    <param id="0" name="Variable">life</param>
                    <param id="1" name="Value">1</param>
                </action>
                <action id="-26" name="Restart layout" sid="704687208127301" type="System" />
            </actions>
        </event-block>
        <event-block sid="501623318117804">
            <conditions>
                <condition id="0" name="On collision with another object" sid="323965134819448" type="ovni">
                    <param id="0" name="Object">Sprite2</param>
                </condition>
            </conditions>
            <actions>
                <action id="-9" name="Destroy" sid="202186340190093" type="ovni" />
                <action id="0" name="Play" sid="616012117911158" type="Audio">
                    <param id="0" name="Audio file">511979-8_Bit_Large_Destroyed_02_-GAMEVideo-8_bit-impact-hit-damaged-destroyed</param>
                    <param id="2" name="Loop">0</param>
                    <param id="3" name="Volume">-3</param>
                    <param id="1" name="Tag (optional)">&quot;&quot;</param>
                </action>
                <action id="-16" name="Wait" sid="272450202244112" type="System">
                    <param id="0" name="Seconds">3</param>
                </action>
                <action id="-11" name="Subtract from" sid="926546871534003" type="System">
                    <param id="0" name="Variable">life</param>
                    <param id="1" name="Value">1</param>
                </action>
                <action id="-26" name="Restart layout" sid="738106952641395" type="System" />
            </actions>
        </event-block>
        <event-block sid="482812508715500">
            <conditions>
                <condition id="0" name="On collision with another object" sid="323330814866582" type="ovni">
                    <param id="0" name="Object">Sprite3</param>
                </condition>
            </conditions>
            <actions>
                <action id="-9" name="Destroy" sid="578495862930270" type="ovni" />
                <action id="0" name="Play" sid="342651757989716" type="Audio">
                    <param id="0" name="Audio file">511979-8_Bit_Large_Destroyed_02_-GAMEVideo-8_bit-impact-hit-damaged-destroyed</param>
                    <param id="2" name="Loop">0</param>
                    <param id="3" name="Volume">-3</param>
                    <param id="1" name="Tag (optional)">&quot;&quot;</param>
                </action>
                <action id="-16" name="Wait" sid="762784146127164" type="System">
                    <param id="0" name="Seconds">3</param>
                </action>
                <action id="-11" name="Subtract from" sid="691767666633911" type="System">
                    <param id="0" name="Variable">life</param>
                    <param id="1" name="Value">1</param>
                </action>
                <action id="-26" name="Restart layout" sid="538027571250271" type="System" />
            </actions>
        </event-block>
        <event-block sid="440596565114808">
            <conditions>
                <condition id="0" name="On collision with another object" sid="478581865005737" type="ovni">
                    <param id="0" name="Object">Sprite4</param>
                </condition>
            </conditions>
            <actions>
                <action id="-9" name="Destroy" sid="941799624896114" type="ovni" />
                <action id="0" name="Play" sid="962250036508827" type="Audio">
                    <param id="0" name="Audio file">511979-8_Bit_Large_Destroyed_02_-GAMEVideo-8_bit-impact-hit-damaged-destroyed</param>
                    <param id="2" name="Loop">0</param>
                    <param id="3" name="Volume">-3</param>
                    <param id="1" name="Tag (optional)">&quot;&quot;</param>
                </action>
                <action id="-16" name="Wait" sid="793263471346577" type="System">
                    <param id="0" name="Seconds">3</param>
                </action>
                <action id="-11" name="Subtract from" sid="167421058545630" type="System">
                    <param id="0" name="Variable">life</param>
                    <param id="1" name="Value">1</param>
                </action>
                <action id="-26" name="Restart layout" sid="410822167754357" type="System" />
            </actions>
        </event-block>
        <event-block sid="657256692340559">
            <conditions>
                <condition id="0" name="On collision with another object" sid="735066025174131" type="ovni">
                    <param id="0" name="Object">Sprite5</param>
                </condition>
            </conditions>
            <actions>
                <action id="-9" name="Destroy" sid="272471247999568" type="ovni" />
                <action id="0" name="Play" sid="379269403912032" type="Audio">
                    <param id="0" name="Audio file">511979-8_Bit_Large_Destroyed_02_-GAMEVideo-8_bit-impact-hit-damaged-destroyed</param>
                    <param id="2" name="Loop">0</param>
                    <param id="3" name="Volume">-3</param>
                    <param id="1" name="Tag (optional)">&quot;&quot;</param>
                </action>
                <action id="-16" name="Wait" sid="706748634445675" type="System">
                    <param id="0" name="Seconds">3</param>
                </action>
                <action id="-11" name="Subtract from" sid="545606822393601" type="System">
                    <param id="0" name="Variable">life</param>
                    <param id="1" name="Value">1</param>
                </action>
                <action id="-26" name="Restart layout" sid="533846813859001" type="System" />
            </actions>
        </event-block>
        <event-block sid="969364161803732">
            <conditions>
                <condition id="-1" name="Every tick" sid="166793968140872" type="System" />
                <condition id="-1" name="Every tick" sid="314332475678447" type="System" />
            </conditions>
            <actions>
                <action id="0" name="Set text" sid="236296935107671" type="life">
                    <param id="0" name="Text">&quot;life: &quot;&amp;life</param>
                </action>
                <action id="0" name="Set text" sid="399392206501648" type="score">
                    <param id="0" name="Text">&quot;score: &quot;&amp;score</param>
                </action>
            </actions>
        </event-block>
        <event-block sid="947528329980692">
            <conditions>
                <condition id="-14" name="Compare variable" sid="417833216209087" type="System">
                    <param id="0" name="Variable">life</param>
                    <param id="1" name="Comparison">0</param>
                    <param id="2" name="Value">0</param>
                </condition>
            </conditions>
            <actions>
                <action id="-2" name="Go to layout" sid="716442765705124" type="System">
                    <param id="0" name="Layout">you lose...</param>
                </action>
            </actions>
        </event-block>
    </events>
</c2eventsheet>
